1280960844408	2	5	-9.72493
1280960844408	2	4	-0.108963
1280960844408	2	3	0
1280960844408	2	2	-9.72493
1280960844408	2	1	-0.108963
1280960844408	2	0	0
1280960844508	2	5	-9.72493
1280960844508	2	4	-0.149824
1280960844508	2	3	-0.040861
1280960844508	2	2	-9.72493
1280960844508	2	1	-0.149824
1280960844508	2	0	-0.040861
1280960844641	2	5	-9.72493
1280960844641	2	4	-0.108963
1280960844641	2	3	0
1280960844641	2	2	-9.72493
1280960844641	2	1	-0.108963
1280960844641	2	0	0
1280960844798	2	5	-9.72493
1280960844798	2	4	-0.108963
1280960844798	2	3	-0.040861
1280960844798	2	2	-9.72493
1280960844798	2	1	-0.108963
1280960844798	2	0	-0.040861
1280960844926	2	5	-9.72493
1280960844926	2	4	-0.108963
1280960844926	2	3	0
1280960844926	2	2	-9.72493
1280960844926	2	1	-0.108963
1280960844926	2	0	0
1280960845044	2	5	-9.72493
1280960845044	2	4	-0.149824
1280960845044	2	3	-0.040861
1280960845044	2	2	-9.72493
1280960845044	2	1	-0.149824
1280960845044	2	0	-0.040861
1280960845197	2	5	-9.69769
1280960845197	2	4	-0.108963
1280960845197	2	3	0
1280960845197	2	2	-9.69769
1280960845197	2	1	-0.108963
1280960845197	2	0	0
1280960845362	2	5	-9.72493
1280960845362	2	4	-0.108963
1280960845362	2	3	-0.040861
1280960845362	2	2	-9.72493
1280960845362	2	1	-0.108963
1280960845362	2	0	-0.040861
1280960845524	1	5	0
1280960845524	1	4	0
1280960845524	1	3	348
1280960845524	1	2	0
1280960845524	1	1	0
1280960845524	1	0	0
1280960845726	2	5	-9.72493
1280960845726	2	4	-0.0817221
1280960845726	2	3	-0.040861
1280960845726	2	2	-9.72493
1280960845726	2	1	-0.0817221
1280960845726	2	0	-0.040861
1280960845853	1	5	0
1280960845853	1	4	-1
1280960845853	1	3	348
1280960845853	1	2	0
1280960845853	1	1	-1
1280960845853	1	0	360
1280960846000	2	5	-9.76579
1280960846000	2	4	-0.108963
1280960846000	2	3	0
1280960846000	2	2	-9.76579
1280960846000	2	1	-0.108963
1280960846000	2	0	0
1280960846135	2	5	-9.69769
1280960846135	2	4	-0.149824
1280960846135	2	3	-0.040861
1280960846135	2	2	-9.69769
1280960846135	2	1	-0.149824
1280960846135	2	0	-0.040861
1280960846237	2	5	-9.72493
1280960846237	2	4	-0.108963
1280960846237	2	3	-0.040861
1280960846237	2	2	-9.72493
1280960846237	2	1	-0.108963
1280960846237	2	0	-0.040861
1280960846374	2	5	-9.69769
1280960846374	2	4	-0.108963
1280960846374	2	3	-0.040861
1280960846374	2	2	-9.69769
1280960846374	2	1	-0.108963
1280960846374	2	0	-0.040861
1280960846520	2	5	-9.72493
1280960846520	2	4	-0.108963
1280960846520	2	3	-0.040861
1280960846520	2	2	-9.72493
1280960846520	2	1	-0.108963
1280960846520	2	0	-0.040861
1280960846622	2	5	-9.76579
1280960846622	2	4	-0.108963
1280960846622	2	3	-0.040861
1280960846622	2	2	-9.76579
1280960846622	2	1	-0.108963
1280960846622	2	0	-0.040861
1280960846710	2	5	-9.72493
1280960846710	2	4	-0.108963
1280960846710	2	3	0
1280960846710	2	2	-9.72493
1280960846710	2	1	-0.108963
1280960846710	2	0	0
1280960846827	2	5	-9.76579
1280960846827	2	4	-0.108963
1280960846827	2	3	0
1280960846827	2	2	-9.76579
1280960846827	2	1	-0.108963
1280960846827	2	0	0
1280960847089	2	5	-9.72493
1280960847089	2	4	-0.108963
1280960847089	2	3	-0.040861
1280960847089	2	2	-9.72493
1280960847089	2	1	-0.108963
1280960847089	2	0	-0.040861
1280960847258	1	5	0
1280960847258	1	4	0
1280960847258	1	3	348
1280960847258	1	2	0
1280960847258	1	1	0
1280960847258	1	0	360
1280960847411	2	5	-9.65683
1280960847411	2	4	-0.0817221
1280960847411	2	3	-0.040861
1280960847411	2	2	-9.65683
1280960847411	2	1	-0.0817221
1280960847411	2	0	-0.040861
1280960847561	2	5	-9.72493
1280960847561	2	4	-0.0817221
1280960847561	2	3	-0.040861
1280960847561	2	2	-9.72493
1280960847561	2	1	-0.0817221
1280960847561	2	0	-0.040861
1280960847714	1	5	0
1280960847714	1	4	-1
1280960847714	1	3	348
1280960847714	1	2	0
1280960847714	1	1	-1
1280960847714	1	0	360
1280960847862	2	5	-9.69769
1280960847862	2	4	-0.108963
1280960847862	2	3	-0.040861
1280960847862	2	2	-9.69769
1280960847862	2	1	-0.108963
1280960847862	2	0	-0.040861
1280960848014	2	5	-9.72493
1280960848014	2	4	-0.108963
1280960848014	2	3	0
1280960848014	2	2	-9.72493
1280960848014	2	1	-0.108963
1280960848014	2	0	0
1280960848190	1	5	0
1280960848190	1	4	0
1280960848190	1	3	348
1280960848190	1	2	0
1280960848190	1	1	0
1280960848190	1	0	360
1280960848336	2	5	-9.72493
1280960848336	2	4	-0.0817221
1280960848336	2	3	0
1280960848336	2	2	-9.72493
1280960848336	2	1	-0.0817221
1280960848336	2	0	0
1280960848546	2	5	-9.72493
1280960848546	2	4	-0.0817221
1280960848546	2	3	0.0817221
1280960848546	2	2	-9.72493
1280960848546	2	1	-0.0817221
1280960848546	2	0	0.0817221
1280960848787	1	5	1
1280960848787	1	4	0
1280960848787	1	3	348
1280960848787	1	2	1
1280960848787	1	1	0
1280960848787	1	0	360
1280960849006	2	5	-9.76579
1280960849006	2	4	-0.0817221
1280960849006	2	3	0.108963
1280960849006	2	2	-9.76579
1280960849006	2	1	-0.0817221
1280960849006	2	0	0.108963
1280960849141	1	5	2
1280960849141	1	4	0
1280960849141	1	3	348
1280960849141	1	2	2
1280960849141	1	1	0
1280960849141	1	0	360
1280960849283	2	5	-9.76579
1280960849283	2	4	-0.0817221
1280960849283	2	3	0.38137
1280960849283	2	2	-9.76579
1280960849283	2	1	-0.0817221
1280960849283	2	0	0.38137
1280960849481	1	5	5
1280960849481	1	4	0
1280960849481	1	3	348
1280960849481	1	2	5
1280960849481	1	1	0
1280960849481	1	0	360
1280960849605	2	5	-9.80665
1280960849605	2	4	-0.040861
1280960849605	2	3	0.8036
1280960849605	2	2	-9.80665
1280960849605	2	1	-0.040861
1280960849605	2	0	0.8036
1280960849788	1	5	7
1280960849788	1	4	-1
1280960849788	1	3	349
1280960849788	1	2	7
1280960849788	1	1	-1
1280960849788	1	0	360
1280960849947	2	5	-9.80665
1280960849947	2	4	-0.108963
1280960849947	2	3	1.26669
1280960849947	2	2	-9.80665
1280960849947	2	1	-0.108963
1280960849947	2	0	1.26669
1280960850105	1	5	11
1280960850105	1	4	0
1280960850105	1	3	350
1280960850105	1	2	11
1280960850105	1	1	0
1280960850105	1	0	360
1280960850261	2	5	-9.76579
1280960850261	2	4	-0.040861
1280960850261	2	3	1.87961
1280960850261	2	2	-9.76579
1280960850261	2	1	-0.040861
1280960850261	2	0	1.87961
1280960850418	1	5	19
1280960850418	1	4	0
1280960850418	1	3	357
1280960850418	1	2	19
1280960850418	1	1	0
1280960850418	1	0	360
1280960850604	2	5	-9.15287
1280960850604	2	4	-0.040861
1280960850604	2	3	3.06458
1280960850604	2	2	-9.15287
1280960850604	2	1	-0.040861
1280960850604	2	0	3.06458
1280960850782	1	5	23
1280960850782	1	4	0
1280960850782	1	3	358
1280960850782	1	2	23
1280960850782	1	1	0
1280960850782	1	0	348.059
1280960850890	2	5	-9.08477
1280960850890	2	4	-0.040861
1280960850890	2	3	3.78646
1280960850890	2	2	-9.08477
1280960850890	2	1	-0.040861
1280960850890	2	0	3.78646
1280960851006	1	5	28
1280960851006	1	4	0
1280960851006	1	3	359
1280960851006	1	2	28
1280960851006	1	1	0
1280960851006	1	0	348.085
1280960851165	2	5	-8.62168
1280960851165	2	4	0
1280960851165	2	3	4.60368
1280960851165	2	2	-8.62168
1280960851165	2	1	0
1280960851165	2	0	4.60368
1280960851328	1	5	34
1280960851328	1	4	0
1280960851328	1	3	0
1280960851328	1	2	34
1280960851328	1	1	0
1280960851328	1	0	348.893
1280960851573	2	5	-8.11773
1280960851573	2	4	0.040861
1280960851573	2	3	5.43452
1280960851573	2	2	-8.11773
1280960851573	2	1	0.040861
1280960851573	2	0	5.43452
1280960851743	1	5	39
1280960851743	1	4	0
1280960851743	1	3	1
1280960851743	1	2	39
1280960851743	1	1	0
1280960851743	1	0	349.578
1280960851914	2	5	-7.62739
1280960851914	2	4	0.040861
1280960851914	2	3	6.23812
1280960851914	2	2	-7.62739
1280960851914	2	1	0.040861
1280960851914	2	0	6.23812
1280960852086	1	5	45
1280960852086	1	4	0
1280960852086	1	3	2
1280960852086	1	2	45
1280960852086	1	1	0
1280960852086	1	0	351.261
1280960852198	2	5	-6.8919
1280960852198	2	4	0
1280960852198	2	3	6.97362
1280960852198	2	2	-6.8919
1280960852198	2	1	0
1280960852198	2	0	6.97362
1280960852309	1	5	52
1280960852309	1	4	1
1280960852309	1	3	8
1280960852309	1	2	52
1280960852309	1	1	1
1280960852309	1	0	353.146
1280960852484	2	5	-5.97933
1280960852484	2	4	0.149824
1280960852484	2	3	7.73636
1280960852484	2	2	-5.97933
1280960852484	2	1	0.149824
1280960852484	2	0	7.73636
1280960852657	1	5	55
1280960852657	1	4	0
1280960852657	1	3	8
1280960852657	1	2	55
1280960852657	1	1	0
1280960852657	1	0	355.369
1280960853044	2	5	-5.66606
1280960853044	2	4	0.0817221
1280960853044	2	3	8.07687
1280960853044	2	2	-5.66606
1280960853044	2	1	8.07687
1280960853044	2	0	-0.0817221
1280960853214	1	5	59
1280960853214	1	4	0
1280960853214	1	3	8
1280960853214	1	2	0
1280960853214	1	1	59
1280960853214	1	0	356.804
1280960853379	2	5	-5.01229
1280960853379	2	4	0.040861
1280960853379	2	3	8.4991
1280960853379	2	2	-5.01229
1280960853379	2	1	8.4991
1280960853379	2	0	-0.040861
1280960853522	1	5	63
1280960853522	1	4	0
1280960853522	1	3	8
1280960853522	1	2	0
1280960853522	1	1	63
1280960853522	1	0	4.90661
1280960853655	2	5	-4.37213
1280960853655	2	4	0.040861
1280960853655	2	3	8.7715
1280960853655	2	2	-4.37213
1280960853655	2	1	8.7715
1280960853655	2	0	-0.040861
1280960853792	1	5	89
1280960853792	1	4	1
1280960853792	1	3	8
1280960853792	1	2	1
1280960853792	1	1	89
1280960853792	1	0	84.3708
1280960853935	2	5	-0.108963
1280960853935	2	4	0.149824
1280960853935	2	3	9.61597
1280960853935	2	2	-0.108963
1280960853935	2	1	9.61597
1280960853935	2	0	-0.149824
1280960854088	1	5	88
1280960854088	1	4	179
1280960854088	1	3	7
1280960854088	1	2	179
1280960854088	1	1	88
1280960854088	1	0	86.4134
1280960854264	2	5	0.38137
1280960854264	2	4	0.108963
1280960854264	2	3	9.65683
1280960854264	2	2	0.38137
1280960854264	2	1	9.65683
1280960854264	2	0	-0.108963
1280960854411	1	5	89
1280960854411	1	4	179
1280960854411	1	3	6
1280960854411	1	2	179
1280960854411	1	1	89
1280960854411	1	0	88.8447
1280960854566	2	5	0.149824
1280960854566	2	4	0.108963
1280960854566	2	3	9.65683
1280960854566	2	2	0.149824
1280960854566	2	1	9.65683
1280960854566	2	0	-0.108963
1280960854720	1	5	89
1280960854720	1	4	179
1280960854720	1	3	1
1280960854720	1	2	179
1280960854720	1	1	89
1280960854720	1	0	90.0207
1280960854874	2	5	0.190685
1280960854874	2	4	0.108963
1280960854874	2	3	9.65683
1280960854874	2	2	0.190685
1280960854874	2	1	9.65683
1280960854874	2	0	-0.108963
1280960855027	1	5	89
1280960855027	1	4	179
1280960855027	1	3	357
1280960855027	1	2	179
1280960855027	1	1	89
1280960855027	1	0	91.5362
1280960855230	2	5	0.108963
1280960855230	2	4	0.108963
1280960855230	2	3	9.61597
1280960855230	2	2	0.108963
1280960855230	2	1	9.61597
1280960855230	2	0	-0.108963
1280960855385	2	5	0.149824
1280960855385	2	4	0.108963
1280960855385	2	3	9.65683
1280960855385	2	2	0.149824
1280960855385	2	1	9.65683
1280960855385	2	0	-0.108963
1280960855540	1	5	89
1280960855540	1	4	179
1280960855540	1	3	356
1280960855540	1	2	179
1280960855540	1	1	89
1280960855540	1	0	93.4422
1280960855696	2	5	0.0817221
1280960855696	2	4	0.108963
1280960855696	2	3	9.65683
1280960855696	2	2	0.0817221
1280960855696	2	1	9.65683
1280960855696	2	0	-0.108963
1280960855850	1	5	89
1280960855850	1	4	1
1280960855850	1	3	356
1280960855850	1	2	1
1280960855850	1	1	89
1280960855850	1	0	94.2141
1280960855985	2	5	0
1280960855985	2	4	0.149824
1280960855985	2	3	9.69769
1280960855985	2	2	0
1280960855985	2	1	9.69769
1280960855985	2	0	-0.149824
1280960856134	1	5	88
1280960856134	1	4	1
1280960856134	1	3	352
1280960856134	1	2	1
1280960856134	1	1	88
1280960856134	1	0	95.334
1280960856287	2	5	-0.38137
1280960856287	2	4	0.0817221
1280960856287	2	3	9.69769
1280960856287	2	2	-0.38137
1280960856287	2	1	9.69769
1280960856287	2	0	-0.0817221
1280960856477	1	5	87
1280960856477	1	4	1
1280960856477	1	3	352
1280960856477	1	2	1
1280960856477	1	1	87
1280960856477	1	0	96.7663
1280960856647	2	5	-0.463092
1280960856647	2	4	0.108963
1280960856647	2	3	9.69769
1280960856647	2	2	-0.463092
1280960856647	2	1	9.69769
1280960856647	2	0	-0.108963
1280960856857	1	5	86
1280960856857	1	4	1
1280960856857	1	3	352
1280960856857	1	2	1
1280960856857	1	1	86
1280960856857	1	0	97.3278
1280960857061	2	5	-0.721878
1280960857061	2	4	0.108963
1280960857061	2	3	9.76579
1280960857061	2	2	-0.721878
1280960857061	2	1	0.108963
1280960857061	2	0	9.76579
1280960857210	1	5	79
1280960857210	1	4	1
1280960857210	1	3	345
1280960857210	1	2	79
1280960857210	1	1	1
1280960857210	1	0	97.1831
1280960857306	2	5	-1.83875
1280960857306	2	4	0.108963
1280960857306	2	3	9.65683
1280960857306	2	2	-1.83875
1280960857306	2	1	0.108963
1280960857306	2	0	9.65683
1280960857393	1	5	73
1280960857393	1	4	1
1280960857393	1	3	337
1280960857393	1	2	73
1280960857393	1	1	1
1280960857393	1	0	84.163
1280960857552	2	5	-2.91475
1280960857552	2	4	0.149824
1280960857552	2	3	9.38442
1280960857552	2	2	-2.91475
1280960857552	2	1	0.149824
1280960857552	2	0	9.38442
1280960857694	1	5	65
1280960857694	1	4	1
1280960857694	1	3	331
1280960857694	1	2	65
1280960857694	1	1	1
1280960857694	1	0	79.4843
1280960857861	2	5	-4.09972
1280960857861	2	4	0.0817221
1280960857861	2	3	8.81236
1280960857861	2	2	-4.09972
1280960857861	2	1	0.0817221
1280960857861	2	0	8.81236
1280960858096	1	5	55
1280960858096	1	4	0
1280960858096	1	3	325
1280960858096	1	2	55
1280960858096	1	1	0
1280960858096	1	0	70.2998
1280960858255	2	5	-5.70693
1280960858255	2	4	0.040861
1280960858255	2	3	8.11773
1280960858255	2	2	-5.70693
1280960858255	2	1	0.040861
1280960858255	2	0	8.11773
1280960858410	1	5	46
1280960858410	1	4	0
1280960858410	1	3	324
1280960858410	1	2	46
1280960858410	1	1	0
1280960858410	1	0	62.6969
1280960858569	2	5	-6.97362
1280960858569	2	4	-0.040861
1280960858569	2	3	7.27327
1280960858569	2	2	-6.97362
1280960858569	2	1	-0.040861
1280960858569	2	0	7.27327
1280960858723	1	5	44
1280960858723	1	4	0
1280960858723	1	3	324
1280960858723	1	2	44
1280960858723	1	1	0
1280960858723	1	0	56.7223
1280960858884	2	5	-7.1643
1280960858884	2	4	0
1280960858884	2	3	6.8919
1280960858884	2	2	-7.1643
1280960858884	2	1	0
1280960858884	2	0	6.8919
1280960859040	1	5	40
1280960859040	1	4	0
1280960859040	1	3	325
1280960859040	1	2	40
1280960859040	1	1	0
1280960859040	1	0	33.8658
1280960859196	2	5	-7.50481
1280960859196	2	4	0.040861
1280960859196	2	3	6.40156
1280960859196	2	2	-7.50481
1280960859196	2	1	0.040861
1280960859196	2	0	6.40156
1280960859356	1	5	37
1280960859356	1	4	0
1280960859356	1	3	329
1280960859356	1	2	37
1280960859356	1	1	0
1280960859356	1	0	22.914
1280960859509	2	5	-7.85894
1280960859509	2	4	0.040861
1280960859509	2	3	5.85675
1280960859509	2	2	-7.85894
1280960859509	2	1	0.040861
1280960859509	2	0	5.85675
1280960859664	1	5	33
1280960859664	1	4	0
1280960859664	1	3	330
1280960859664	1	2	33
1280960859664	1	1	0
1280960859664	1	0	12.7318
1280960859838	2	5	-8.19945
1280960859838	2	4	0.040861
1280960859838	2	3	5.24383
1280960859838	2	2	-8.19945
1280960859838	2	1	0.040861
1280960859838	2	0	5.24383
1280960860024	1	5	27
1280960860024	1	4	0
1280960860024	1	3	330
1280960860024	1	2	27
1280960860024	1	1	0
1280960860024	1	0	0.165279
1280960860186	2	5	-8.7715
1280960860186	2	4	-0.040861
1280960860186	2	3	4.44023
1280960860186	2	2	-8.7715
1280960860186	2	1	-0.040861
1280960860186	2	0	4.44023
1280960860295	1	5	22
1280960860295	1	4	0
1280960860295	1	3	331
1280960860295	1	2	22
1280960860295	1	1	0
1280960860295	1	0	348.364
1280960860371	2	5	-9.15287
1280960860371	2	4	-0.040861
1280960860371	2	3	3.78646
1280960860371	2	2	-9.15287
1280960860371	2	1	-0.040861
1280960860371	2	0	3.78646
1280960860444	1	5	21
1280960860444	1	4	0
1280960860444	1	3	337
1280960860444	1	2	21
1280960860444	1	1	0
1280960860444	1	0	330.375
1280960860556	2	5	-9.04391
1280960860556	2	4	0.040861
1280960860556	2	3	3.40509
1280960860556	2	2	-9.04391
1280960860556	2	1	0.040861
1280960860556	2	0	3.40509
1280960860685	1	5	16
1280960860685	1	4	0
1280960860685	1	3	338
1280960860685	1	2	16
1280960860685	1	1	0
1280960860685	1	0	329.114
1280960860833	2	5	-9.42528
1280960860833	2	4	-0.040861
1280960860833	2	3	2.64235
1280960860833	2	2	-9.42528
1280960860833	2	1	-0.040861
1280960860833	2	0	2.64235
1280960860961	1	5	11
1280960860961	1	4	0
1280960860961	1	3	339
1280960860961	1	2	11
1280960860961	1	1	0
1280960860961	1	0	329.066
1280960861101	2	5	-9.65683
1280960861101	2	4	-0.0817221
1280960861101	2	3	1.83875
1280960861101	2	2	-9.65683
1280960861101	2	1	-0.0817221
1280960861101	2	0	1.83875
1280960861199	1	5	8
1280960861199	1	4	0
1280960861199	1	3	340
1280960861199	1	2	8
1280960861199	1	1	0
1280960861199	1	0	329.125
1280960861486	2	5	-9.69769
1280960861486	2	4	-0.0817221
1280960861486	2	3	1.33479
1280960861486	2	2	-9.69769
1280960861486	2	1	-0.0817221
1280960861486	2	0	1.33479
1280960861640	1	5	4
1280960861640	1	4	0
1280960861640	1	3	344
1280960861640	1	2	4
1280960861640	1	1	0
1280960861640	1	0	330.67
1280960861766	2	5	-9.76579
1280960861766	2	4	-0.0817221
1280960861766	2	3	0.762739
1280960861766	2	2	-9.76579
1280960861766	2	1	-0.0817221
1280960861766	2	0	0.762739
1280960861942	1	5	3
1280960861942	1	4	-1
1280960861942	1	3	349
1280960861942	1	2	3
1280960861942	1	1	-1
1280960861942	1	0	332.027
1280960862099	2	5	-9.61597
1280960862099	2	4	-0.108963
1280960862099	2	3	0.531194
1280960862099	2	2	-9.61597
1280960862099	2	1	-0.108963
1280960862099	2	0	0.531194
1280960862255	1	5	-1
1280960862255	1	4	-1
1280960862255	1	3	350
1280960862255	1	2	-1
1280960862255	1	1	-1
1280960862255	1	0	334.561
1280960862411	2	5	-9.91561
1280960862411	2	4	-0.108963
1280960862411	2	3	-0.108963
1280960862411	2	2	-9.91561
1280960862411	2	1	-0.108963
1280960862411	2	0	-0.108963
1280960862585	1	5	-1
1280960862585	1	4	-1
1280960862585	1	3	355
1280960862585	1	2	-1
1280960862585	1	1	-1
1280960862585	1	0	336.758
1280960862739	2	5	-9.72493
1280960862739	2	4	-0.190685
1280960862739	2	3	-0.0817221
1280960862739	2	2	-9.72493
1280960862739	2	1	-0.190685
1280960862739	2	0	-0.0817221
1280960862841	1	5	0
1280960862841	1	4	-1
1280960862841	1	3	0
1280960862841	1	2	0
1280960862841	1	1	-1
1280960862841	1	0	338.519
1280960862990	2	5	-9.72493
1280960862990	2	4	-0.190685
1280960862990	2	3	-0.040861
1280960862990	2	2	-9.72493
1280960862990	2	1	-0.190685
1280960862990	2	0	-0.040861
1280960863160	1	5	0
1280960863160	1	4	-1
1280960863160	1	3	1
1280960863160	1	2	0
1280960863160	1	1	-1
1280960863160	1	0	341.428
1280960863319	2	5	-9.65683
1280960863319	2	4	-0.108963
1280960863319	2	3	0.040861
1280960863319	2	2	-9.65683
1280960863319	2	1	-0.108963
1280960863319	2	0	0.040861
1280960863479	1	5	0
1280960863479	1	4	-1
1280960863479	1	3	2
1280960863479	1	2	0
1280960863479	1	1	-1
1280960863479	1	0	344.152
1280960863647	2	5	-9.69769
1280960863647	2	4	-0.108963
1280960863647	2	3	-0.040861
1280960863647	2	2	-9.69769
1280960863647	2	1	-0.108963
1280960863647	2	0	-0.040861
1280960863843	1	5	0
1280960863843	1	4	-1
1280960863843	1	3	3
1280960863843	1	2	0
1280960863843	1	1	-1
1280960863843	1	0	346.326
1280960864452	2	5	-9.76579
1280960864452	2	4	-0.149824
1280960864452	2	3	-0.040861
1280960864452	2	2	-9.76579
1280960864452	2	1	-0.149824
1280960864452	2	0	-0.040861
1280960864669	2	5	-9.72493
1280960864669	2	4	-0.149824
1280960864669	2	3	-0.040861
1280960864669	2	2	-9.72493
1280960864669	2	1	-0.149824
1280960864669	2	0	-0.040861
1280960864871	1	5	0
1280960864871	1	4	-1
1280960864871	1	3	4
1280960864871	1	2	0
1280960864871	1	1	-1
1280960864871	1	0	351.419
1280960865015	2	5	-9.72493
1280960865015	2	4	-0.108963
1280960865015	2	3	0
1280960865015	2	2	-9.72493
1280960865015	2	1	-0.108963
1280960865015	2	0	0
1280960865118	1	5	-1
1280960865118	1	4	-1
1280960865118	1	3	4
1280960865118	1	2	-1
1280960865118	1	1	-1
1280960865118	1	0	353.517
1280960865252	2	5	-9.69769
1280960865252	2	4	-0.149824
1280960865252	2	3	-0.0817221
1280960865252	2	2	-9.69769
1280960865252	2	1	-0.149824
1280960865252	2	0	-0.0817221
1280960865408	2	5	-9.65683
1280960865408	2	4	-0.149824
1280960865408	2	3	-0.0817221
1280960865408	2	2	-9.65683
1280960865408	2	1	-0.149824
1280960865408	2	0	-0.0817221
1280960865564	2	5	-9.72493
1280960865564	2	4	-0.108963
1280960865564	2	3	-0.108963
1280960865564	2	2	-9.72493
1280960865564	2	1	-0.108963
1280960865564	2	0	-0.108963
1280960865726	2	5	-9.76579
1280960865726	2	4	-0.190685
1280960865726	2	3	-0.149824
1280960865726	2	2	-9.76579
1280960865726	2	1	-0.190685
1280960865726	2	0	-0.149824
1280960865931	1	5	-3
1280960865931	1	4	-1
1280960865931	1	3	4
1280960865931	1	2	-3
1280960865931	1	1	-1
1280960865931	1	0	359.903
1280960866163	2	5	-9.76579
1280960866163	2	4	-0.108963
1280960866163	2	3	-0.463092
1280960866163	2	2	-9.76579
1280960866163	2	1	-0.108963
1280960866163	2	0	-0.463092
1280960866313	1	5	-7
1280960866313	1	4	-1
1280960866313	1	3	3
1280960866313	1	2	-7
1280960866313	1	1	-1
1280960866313	1	0	1.24861
1280960866461	2	5	-9.46614
1280960866461	2	4	-0.190685
1280960866461	2	3	-1.18497
1280960866461	2	2	-9.46614
1280960866461	2	1	-0.190685
1280960866461	2	0	-1.18497
1280960866639	1	5	-10
1280960866639	1	4	-1
1280960866639	1	3	359
1280960866639	1	2	-10
1280960866639	1	1	-1
1280960866639	1	0	2.06573
1280960866795	2	5	-9.49338
1280960866795	2	4	-0.149824
1280960866795	2	3	-1.75702
1280960866795	2	2	-9.49338
1280960866795	2	1	-0.149824
1280960866795	2	0	-1.75702
1280960866984	1	5	-18
1280960866984	1	4	-1
1280960866984	1	3	353
1280960866984	1	2	-18
1280960866984	1	1	-1
1280960866984	1	0	2.57595
1280960867159	2	5	-9.04391
1280960867159	2	4	-0.190685
1280960867159	2	3	-2.91475
1280960867159	2	2	-9.04391
1280960867159	2	1	-0.190685
1280960867159	2	0	-2.91475
1280960867343	1	5	-24
1280960867343	1	4	0
1280960867343	1	3	348
1280960867343	1	2	-24
1280960867343	1	1	0
1280960867343	1	0	2.9244
1280960867548	2	5	-8.92133
1280960867548	2	4	-0.0817221
1280960867548	2	3	-3.97714
1280960867548	2	2	-8.92133
1280960867548	2	1	-0.0817221
1280960867548	2	0	-3.97714
1280960867695	1	5	-68
1280960867695	1	4	-1
1280960867695	1	3	334
1280960867695	1	2	-68
1280960867695	1	1	-1
1280960867695	1	0	353.876
1280960867874	2	5	-3.59577
1280960867874	2	4	-0.190685
1280960867874	2	3	-9.08477
1280960867874	2	2	-3.59577
1280960867874	2	1	-0.190685
1280960867874	2	0	-9.08477
1280960868116	1	5	-74
1280960868116	1	4	-1
1280960868116	1	3	330
1280960868116	1	2	-74
1280960868116	1	1	-1
1280960868116	1	0	353.626
1280960868246	2	5	-2.72407
1280960868246	2	4	-0.231546
1280960868246	2	3	-9.3027
1280960868246	2	2	-2.72407
1280960868246	2	1	-0.231546
1280960868246	2	0	-9.3027
1280960868432	1	5	-76
1280960868432	1	4	-2
1280960868432	1	3	330
1280960868432	1	2	-76
1280960868432	1	1	-2
1280960868432	1	0	353.345
1280960868597	2	5	-2.30184
1280960868597	2	4	-0.313268
1280960868597	2	3	-9.49338
1280960868597	2	2	-2.30184
1280960868597	2	1	-0.313268
1280960868597	2	0	-9.49338
1280960868762	1	5	-84
1280960868762	1	4	-2
1280960868762	1	3	330
1280960868762	1	2	-84
1280960868762	1	1	-2
1280960868762	1	0	352.991
1280960868963	2	5	-1.03515
1280960868963	2	4	-0.272407
1280960868963	2	3	-9.65683
1280960868963	2	2	-1.03515
1280960868963	2	1	-0.272407
1280960868963	2	0	-9.65683
1280960869236	1	5	-89
1280960869236	1	4	-179
1280960869236	1	3	330
1280960869236	1	2	-89
1280960869236	1	1	-179
1280960869236	1	0	352.426
1280960869623	2	5	0.108963
1280960869623	2	4	-0.190685
1280960869623	2	3	-9.91561
1280960869623	2	2	0.108963
1280960869623	2	1	-0.190685
1280960869623	2	0	-9.91561
1280960869819	1	5	-87
1280960869819	1	4	-179
1280960869819	1	3	330
1280960869819	1	2	-87
1280960869819	1	1	-179
1280960869819	1	0	352.119
1280960870003	2	5	0.503953
1280960870003	2	4	-0.190685
1280960870003	2	3	-9.99734
1280960870003	2	2	0.503953
1280960870003	2	1	-0.190685
1280960870003	2	0	-9.99734
1280960870160	1	5	-86
1280960870160	1	4	-179
1280960870160	1	3	331
1280960870160	1	2	-86
1280960870160	1	1	-179
1280960870160	1	0	347.939
1280960870327	2	5	0.653777
1280960870327	2	4	-0.190685
1280960870327	2	3	-9.95647
1280960870327	2	2	0.653777
1280960870327	2	1	-0.190685
1280960870327	2	0	-9.95647
1280960870498	1	5	-88
1280960870498	1	4	-179
1280960870498	1	3	335
1280960870498	1	2	-88
1280960870498	1	1	-179
1280960870498	1	0	347.649
1280960870658	2	5	0.38137
1280960870658	2	4	-0.190685
1280960870658	2	3	-9.91561
1280960870658	2	2	0.38137
1280960870658	2	1	-0.190685
1280960870658	2	0	-9.91561
1280960870788	1	5	-85
1280960870788	1	4	-179
1280960870788	1	3	335
1280960870788	1	2	-85
1280960870788	1	1	-179
1280960870788	1	0	347.282
1280960870967	2	5	0.926184
1280960870967	2	4	-0.190685
1280960870967	2	3	-9.91561
1280960870967	2	2	0.926184
1280960870967	2	1	-0.190685
1280960870967	2	0	-9.91561
1280960871081	2	5	0.926184
1280960871081	2	4	-0.149824
1280960871081	2	3	-9.91561
1280960871081	2	2	0.926184
1280960871081	2	1	-0.149824
1280960871081	2	0	-9.91561
1280960871247	1	5	-85
1280960871247	1	4	-179
1280960871247	1	3	336
1280960871247	1	2	-85
1280960871247	1	1	-179
1280960871247	1	0	346.777
1280960871456	2	5	0.844462
1280960871456	2	4	-0.190685
1280960871456	2	3	-9.95647
1280960871456	2	2	0.844462
1280960871456	2	1	-0.190685
1280960871456	2	0	-9.95647
1280960871638	1	5	-86
1280960871638	1	4	-179
1280960871638	1	3	337
1280960871638	1	2	-86
1280960871638	1	1	-179
1280960871638	1	0	346.648
1280960871824	2	5	0.653777
1280960871824	2	4	-0.231546
1280960871824	2	3	-9.91561
1280960871824	2	2	0.653777
1280960871824	2	1	-0.231546
1280960871824	2	0	-9.91561
1280960872008	2	5	0.612916
1280960872008	2	4	-0.190685
1280960872008	2	3	-9.91561
1280960872008	2	2	0.612916
1280960872008	2	1	-0.190685
1280960872008	2	0	-9.91561
1280960872175	1	5	-89
1280960872175	1	4	-1
1280960872175	1	3	338
1280960872175	1	2	-89
1280960872175	1	1	-1
1280960872175	1	0	333.339
1280960872342	2	5	0
1280960872342	2	4	-0.190685
1280960872342	2	3	-9.91561
1280960872342	2	2	0
1280960872342	2	1	-0.190685
1280960872342	2	0	-9.91561
1280960872498	1	5	-84
1280960872498	1	4	-2
1280960872498	1	3	342
1280960872498	1	2	-84
1280960872498	1	1	-2
1280960872498	1	0	333.484
1280960872690	2	5	-0.994285
1280960872690	2	4	-0.272407
1280960872690	2	3	-9.69769
1280960872690	2	2	-0.994285
1280960872690	2	1	-0.272407
1280960872690	2	0	-9.69769
1280960872897	1	5	-75
1280960872897	1	4	-2
1280960872897	1	3	347
1280960872897	1	2	-75
1280960872897	1	1	-2
1280960872897	1	0	334.096
1280960873069	2	5	-2.49252
1280960873069	2	4	-0.340509
1280960873069	2	3	-9.38442
1280960873069	2	2	-2.49252
1280960873069	2	1	-0.340509
1280960873069	2	0	-9.38442
1280960873290	1	5	-69
1280960873290	1	4	-2
1280960873290	1	3	348
1280960873290	1	2	-69
1280960873290	1	1	-2
1280960873290	1	0	335.073
1280960873451	2	5	-3.48681
1280960873451	2	4	-0.313268
1280960873451	2	3	-9.15287
1280960873451	2	2	-3.48681
1280960873451	2	1	-0.313268
1280960873451	2	0	-9.15287
1280960873601	1	5	-65
1280960873601	1	4	-1
1280960873601	1	3	348
1280960873601	1	2	-65
1280960873601	1	1	-1
1280960873601	1	0	335.827
1280960873708	2	5	-4.18145
1280960873708	2	4	-0.190685
1280960873708	2	3	-8.85323
1280960873708	2	2	-4.18145
1280960873708	2	1	-0.190685
1280960873708	2	0	-8.85323
1280960873856	1	5	-61
1280960873856	1	4	-2
1280960873856	1	3	348
1280960873856	1	2	-61
1280960873856	1	1	-2
1280960873856	1	0	336.75
1280960874002	2	5	-4.71264
1280960874002	2	4	-0.313268
1280960874002	2	3	-8.4991
1280960874002	2	2	-4.71264
1280960874002	2	1	-0.313268
1280960874002	2	0	-8.4991
1280960874108	1	5	-56
1280960874108	1	4	-2
1280960874108	1	3	348
1280960874108	1	2	-56
1280960874108	1	1	-2
1280960874108	1	0	337.938
1280960874251	2	5	-5.32556
1280960874251	2	4	-0.272407
1280960874251	2	3	-7.81808
1280960874251	2	2	-5.32556
1280960874251	2	1	-0.272407
1280960874251	2	0	-7.81808
1280960874451	1	5	-45
1280960874451	1	4	-1
1280960874451	1	3	349
1280960874451	1	2	-45
1280960874451	1	1	-1
1280960874451	1	0	338.833
1280960874631	2	5	-6.85104
1280960874631	2	4	-0.231546
1280960874631	2	3	-6.78293
1280960874631	2	2	-6.85104
1280960874631	2	1	-0.231546
1280960874631	2	0	-6.78293
1280960874843	1	5	-37
1280960874843	1	4	-1
1280960874843	1	3	350
1280960874843	1	2	-37
1280960874843	1	1	-1
1280960874843	1	0	339.378
1280960875041	2	5	-7.73636
1280960875041	2	4	-0.190685
1280960875041	2	3	-5.89761
1280960875041	2	2	-7.73636
1280960875041	2	1	-0.190685
1280960875041	2	0	-5.89761
1280960875199	1	5	-32
1280960875199	1	4	-1
1280960875199	1	3	350
1280960875199	1	2	-32
1280960875199	1	1	-1
1280960875199	1	0	341.83
1280960875365	2	5	-8.24031
1280960875365	2	4	-0.231546
1280960875365	2	3	-5.05315
1280960875365	2	2	-8.24031
1280960875365	2	1	-0.231546
1280960875365	2	0	-5.05315
1280960875553	1	5	-25
1280960875553	1	4	-1
1280960875553	1	3	351
1280960875553	1	2	-25
1280960875553	1	1	-1
1280960875553	1	0	342.744
1280960875750	2	5	-8.7715
1280960875750	2	4	-0.190685
1280960875750	2	3	-4.018
1280960875750	2	2	-8.7715
1280960875750	2	1	-0.190685
1280960875750	2	0	-4.018
1280960875935	1	5	-18
1280960875935	1	4	-1
1280960875935	1	3	352
1280960875935	1	2	-18
1280960875935	1	1	-1
1280960875935	1	0	346.537
1280960876124	2	5	-9.3027
1280960876124	2	4	-0.190685
1280960876124	2	3	-3.02372
1280960876124	2	2	-9.3027
1280960876124	2	1	-0.190685
1280960876124	2	0	-3.02372
1280960876325	1	5	-15
1280960876325	1	4	-1
1280960876325	1	3	352
1280960876325	1	2	-15
1280960876325	1	1	-1
1280960876325	1	0	347.969
1280960876477	2	5	-9.27546
1280960876477	2	4	-0.149824
1280960876477	2	3	-2.49252
1280960876477	2	2	-9.27546
1280960876477	2	1	-0.149824
1280960876477	2	0	-2.49252
1280960876671	1	5	-12
1280960876671	1	4	-1
1280960876671	1	3	352
1280960876671	1	2	-12
1280960876671	1	1	-1
1280960876671	1	0	349.062
1280960876804	2	5	-9.3027
1280960876804	2	4	-0.231546
1280960876804	2	3	-1.98857
1280960876804	2	2	-9.3027
1280960876804	2	1	-0.231546
1280960876804	2	0	-1.98857
1280960876965	1	5	-7
1280960876965	1	4	-1
1280960876965	1	3	352
1280960876965	1	2	-7
1280960876965	1	1	-1
1280960876965	1	0	349.443
1280960877072	2	5	-9.61597
1280960877072	2	4	-0.149824
1280960877072	2	3	-1.22583
1280960877072	2	2	-9.61597
1280960877072	2	1	-0.149824
1280960877072	2	0	-1.22583
1280960877206	1	5	-2
1280960877206	1	4	-1
1280960877206	1	3	353
1280960877206	1	2	-2
1280960877206	1	1	-1
1280960877206	1	0	349.795
1280960877431	2	5	-10.1472
1280960877431	2	4	-0.190685
1280960877431	2	3	-0.340509
1280960877431	2	2	-10.1472
1280960877431	2	1	-0.190685
1280960877431	2	0	-0.340509
1280960877602	1	5	-3
1280960877602	1	4	-1
1280960877602	1	3	353
1280960877602	1	2	-3
1280960877602	1	1	-1
1280960877602	1	0	350.308
1280960877776	2	5	-9.61597
1280960877776	2	4	-0.149824
1280960877776	2	3	-0.503953
1280960877776	2	2	-9.61597
1280960877776	2	1	-0.149824
1280960877776	2	0	-0.503953
1280960877944	1	5	-3
1280960877944	1	4	-1
1280960877944	1	3	352
1280960877944	1	2	-3
1280960877944	1	1	-1
1280960877944	1	0	350.704
1280960878120	2	5	-9.61597
1280960878120	2	4	-0.149824
1280960878120	2	3	-0.422231
1280960878120	2	2	-9.61597
1280960878120	2	1	-0.149824
1280960878120	2	0	-0.422231
1280960878283	1	5	1
1280960878283	1	4	-1
1280960878283	1	3	352
1280960878283	1	2	1
1280960878283	1	1	-1
1280960878283	1	0	351.299
1280960878453	2	5	-10.0382
1280960878453	2	4	-0.190685
1280960878453	2	3	0.108963
1280960878453	2	2	-10.0382
1280960878453	2	1	-0.190685
1280960878453	2	0	0.108963
1280960878782	1	5	-1
1280960878782	1	4	-1
1280960878782	1	3	352
1280960878782	1	2	-1
1280960878782	1	1	-1
1280960878782	1	0	351.551
1280960878955	2	5	-9.72493
1280960878955	2	4	-0.149824
1280960878955	2	3	-0.0817221
1280960878955	2	2	-9.72493
1280960878955	2	1	-0.149824
1280960878955	2	0	-0.0817221
1280960879152	1	5	-1
1280960879152	1	4	-1
1280960879152	1	3	351
1280960879152	1	2	-1
1280960879152	1	1	-1
1280960879152	1	0	351.764
1280960879305	2	5	-9.72493
1280960879305	2	4	-0.149824
1280960879305	2	3	-0.108963
1280960879305	2	2	-9.72493
1280960879305	2	1	-0.149824
1280960879305	2	0	-0.108963
1280960879482	1	5	0
1280960879482	1	4	-1
1280960879482	1	3	350
1280960879482	1	2	0
1280960879482	1	1	-1
1280960879482	1	0	352.046
1280960879656	2	5	-9.76579
1280960879656	2	4	-0.108963
1280960879656	2	3	0
1280960879656	2	2	-9.76579
1280960879656	2	1	-0.108963
1280960879656	2	0	0
1280960879772	1	5	0
1280960879772	1	4	0
1280960879772	1	3	350
1280960879772	1	2	0
1280960879772	1	1	0
1280960879772	1	0	351.951
1280960879963	2	5	-9.80665
1280960879963	2	4	-0.0817221
1280960879963	2	3	0
1280960879963	2	2	-9.80665
1280960879963	2	1	-0.0817221
1280960879963	2	0	0
1280960880090	1	5	0
1280960880090	1	4	-1
1280960880090	1	3	349
1280960880090	1	2	0
1280960880090	1	1	-1
1280960880090	1	0	351.866
1280960880204	2	5	-9.69769
1280960880204	2	4	-0.108963
1280960880204	2	3	-0.040861
1280960880204	2	2	-9.69769
1280960880204	2	1	-0.108963
1280960880204	2	0	-0.040861
1280960880327	2	5	-9.69769
1280960880327	2	4	-0.108963
1280960880327	2	3	0
1280960880327	2	2	-9.69769
1280960880327	2	1	-0.108963
1280960880327	2	0	0
1280960880513	2	5	-9.72493
1280960880513	2	4	-0.108963
1280960880513	2	3	-0.040861
1280960880513	2	2	-9.72493
1280960880513	2	1	-0.108963
1280960880513	2	0	-0.040861
1280960880735	1	5	-1
1280960880735	1	4	-1
1280960880735	1	3	349
1280960880735	1	2	-1
1280960880735	1	1	-1
1280960880735	1	0	350.358
1280960881051	2	5	-9.72493
1280960881051	2	4	-0.149824
1280960881051	2	3	-0.0817221
1280960881051	2	2	-9.72493
1280960881051	2	1	-0.149824
1280960881051	2	0	-0.0817221
1280960881319	1	5	0
1280960881319	1	4	-1
1280960881319	1	3	349
1280960881319	1	2	0
1280960881319	1	1	-1
1280960881319	1	0	350.226
1280960881556	2	5	-9.72493
1280960881556	2	4	-0.108963
1280960881556	2	3	-0.040861
1280960881556	2	2	-9.72493
1280960881556	2	1	-0.108963
1280960881556	2	0	-0.040861
1280960881718	1	5	0
1280960881718	1	4	-1
1280960881718	1	3	348
1280960881718	1	2	0
1280960881718	1	1	-1
1280960881718	1	0	349.98
1280960881921	2	5	-9.69769
1280960881921	2	4	-0.149824
1280960881921	2	3	-0.040861
1280960881921	2	2	-9.69769
1280960881921	2	1	-0.149824
1280960881921	2	0	-0.040861
1280960882079	1	5	-1
1280960882079	1	4	-1
1280960882079	1	3	348
1280960882079	1	2	-1
1280960882079	1	1	-1
1280960882079	1	0	349.7
1280960882251	2	5	-9.72493
1280960882251	2	4	-0.108963
1280960882251	2	3	-0.0817221
1280960882251	2	2	-9.72493
1280960882251	2	1	-0.108963
1280960882251	2	0	-0.0817221
1280960882410	2	5	-9.72493
1280960882410	2	4	-0.231546
1280960882410	2	3	-0.0817221
1280960882410	2	2	-9.72493
1280960882410	2	1	-0.231546
1280960882410	2	0	-0.0817221
1280960882582	1	5	0
1280960882582	1	4	-2
1280960882582	1	3	348
1280960882582	1	2	0
1280960882582	1	1	-2
1280960882582	1	0	349.438
1280960882713	2	5	-9.72493
1280960882713	2	4	-0.272407
1280960882713	2	3	-0.040861
1280960882713	2	2	-9.72493
1280960882713	2	1	-0.272407
1280960882713	2	0	-0.040861
1280960882878	2	5	-9.95647
1280960882878	2	4	-0.272407
1280960882878	2	3	0
1280960882878	2	2	-9.95647
1280960882878	2	1	-0.272407
1280960882878	2	0	0
1280960883027	1	5	0
1280960883027	1	4	-4
1280960883027	1	3	348
1280960883027	1	2	0
1280960883027	1	1	-4
1280960883027	1	0	349.223
1280960883195	2	5	-9.91561
1280960883195	2	4	-0.762739
1280960883195	2	3	-0.040861
1280960883195	2	2	-9.91561
1280960883195	2	1	-0.762739
1280960883195	2	0	-0.040861
1280960883429	1	5	0
1280960883429	1	4	-8
1280960883429	1	3	348
1280960883429	1	2	0
1280960883429	1	1	-8
1280960883429	1	0	349.019
1280960883606	2	5	-9.76579
1280960883606	2	4	-1.30755
1280960883606	2	3	0.0817221
1280960883606	2	2	-9.76579
1280960883606	2	1	-1.30755
1280960883606	2	0	0.0817221
1280960883800	1	5	0
1280960883800	1	4	-13
1280960883800	1	3	347
1280960883800	1	2	0
1280960883800	1	1	-13
1280960883800	1	0	348.92
1280960883967	2	5	-9.69769
1280960883967	2	4	-2.22012
1280960883967	2	3	0
1280960883967	2	2	-9.69769
1280960883967	2	1	-2.22012
1280960883967	2	0	0
1280960884135	1	5	1
1280960884135	1	4	-17
1280960884135	1	3	347
1280960884135	1	2	1
1280960884135	1	1	-17
1280960884135	1	0	348.801
1280960884322	2	5	-9.38442
1280960884322	2	4	-2.87389
1280960884322	2	3	0.231546
1280960884322	2	2	-9.38442
1280960884322	2	1	-2.87389
1280960884322	2	0	0.231546
1280960884526	1	5	0
1280960884526	1	4	-23
1280960884526	1	3	343
1280960884526	1	2	0
1280960884526	1	1	-23
1280960884526	1	0	348.7
1280960884909	2	5	-9.11201
1280960884909	2	4	-3.82732
1280960884909	2	3	-0.040861
1280960884909	2	2	-9.11201
1280960884909	2	1	-3.82732
1280960884909	2	0	-0.040861
1280960885095	1	5	0
1280960885095	1	4	-28
1280960885095	1	3	342
1280960885095	1	2	0
1280960885095	1	1	-28
1280960885095	1	0	348.565
1280960885296	2	5	-8.73064
1280960885296	2	4	-4.67178
1280960885296	2	3	-0.040861
1280960885296	2	2	-8.73064
1280960885296	2	1	-4.67178
1280960885296	2	0	-0.040861
1280960885474	1	5	0
1280960885474	1	4	-34
1280960885474	1	3	341
1280960885474	1	2	0
1280960885474	1	1	-34
1280960885474	1	0	347.897
1280960885633	2	5	-8.24031
1280960885633	2	4	-5.47538
1280960885633	2	3	-0.040861
1280960885633	2	2	-8.24031
1280960885633	2	1	-5.47538
1280960885633	2	0	-0.040861
1280960885740	1	5	0
1280960885740	1	4	-39
1280960885740	1	3	340
1280960885740	1	2	0
1280960885740	1	1	-39
1280960885740	1	0	347.455
1280960885935	2	5	-7.62739
1280960885935	2	4	-6.23812
1280960885935	2	3	0.0817221
1280960885935	2	2	-7.62739
1280960885935	2	1	-6.23812
1280960885935	2	0	0.0817221
1280960886050	1	5	1
1280960886050	1	4	-45
1280960886050	1	3	339
1280960886050	1	2	1
1280960886050	1	1	-45
1280960886050	1	0	346.776
1280960886181	2	5	-7.04172
1280960886181	2	4	-6.97362
1280960886181	2	3	0.231546
1280960886181	2	2	-7.04172
1280960886181	2	1	-6.97362
1280960886181	2	0	0.231546
1280960886504	1	5	1
1280960886504	1	4	-49
1280960886504	1	3	339
1280960886504	1	2	1
1280960886504	1	1	-49
1280960886504	1	0	346.349
1280960886696	2	5	-6.51053
1280960886696	2	4	-7.58653
1280960886696	2	3	0.231546
1280960886696	2	2	-6.51053
1280960886696	2	1	-7.58653
1280960886696	2	0	0.231546
1280960886810	1	5	2
1280960886810	1	4	-56
1280960886810	1	3	339
1280960886810	1	2	2
1280960886810	1	1	-56
1280960886810	1	0	345.195
1280960886972	2	5	-5.6252
1280960886972	2	4	-8.24031
1280960886972	2	3	0.313268
1280960886972	2	2	-5.6252
1280960886972	2	1	-8.24031
1280960886972	2	0	0.313268
1280960887150	1	5	2
1280960887150	1	4	-59
1280960887150	1	3	338
1280960887150	1	2	2
1280960887150	1	1	-59
1280960887150	1	0	343.772
1280960887373	2	5	-5.13487
1280960887373	2	4	-8.66254
1280960887373	2	3	0.272407
1280960887373	2	2	-5.13487
1280960887373	2	1	-8.66254
1280960887373	2	0	0.272407
1280960887534	1	5	1
1280960887534	1	4	-64
1280960887534	1	3	338
1280960887534	1	2	1
1280960887534	1	1	-64
1280960887534	1	0	342.771
1280960887685	2	5	-4.44023
1280960887685	2	4	-9.00305
1280960887685	2	3	0.231546
1280960887685	2	2	-4.44023
1280960887685	2	1	-9.00305
1280960887685	2	0	0.231546
1280960887879	1	5	1
1280960887879	1	4	-67
1280960887879	1	3	337
1280960887879	1	2	1
1280960887879	1	1	-67
1280960887879	1	0	341.686
1280960888039	2	5	-3.97714
1280960888039	2	4	-9.3027
1280960888039	2	3	0.149824
1280960888039	2	2	-3.97714
1280960888039	2	1	-9.3027
1280960888039	2	0	0.149824
1280960888319	1	5	0
1280960888319	1	4	-72
1280960888319	1	3	336
1280960888319	1	2	0
1280960888319	1	1	-72
1280960888319	1	0	340.735
1280960888706	2	5	-3.02372
1280960888706	2	4	-9.5751
1280960888706	2	3	0.040861
1280960888706	2	2	-3.02372
1280960888706	2	1	-9.5751
1280960888706	2	0	0.040861
1280960889179	1	5	1
1280960889179	1	4	-76
1280960889179	1	3	335
1280960889179	1	2	1
1280960889179	1	1	-76
1280960889179	1	0	339.769
1280960889376	2	5	-2.49252
1280960889376	2	4	-9.72493
1280960889376	2	3	0.149824
1280960889376	2	2	-2.49252
1280960889376	2	1	-9.72493
1280960889376	2	0	0.149824
1280960889547	1	5	1
1280960889547	1	4	-79
1280960889547	1	3	334
1280960889547	1	2	1
1280960889547	1	1	-79
1280960889547	1	0	338.95
1280960889774	2	5	-1.98857
1280960889774	2	4	-9.88837
1280960889774	2	3	0.108963
1280960889774	2	2	-1.98857
1280960889774	2	1	-9.88837
1280960889774	2	0	0.108963
1280960890435	1	5	0
1280960890435	1	4	-82
1280960890435	1	3	333
1280960890435	1	2	0
1280960890435	1	1	-82
1280960890435	1	0	338.28
1280960890668	2	5	-1.37566
1280960890668	2	4	-9.95647
1280960890668	2	3	0.040861
1280960890668	2	2	-1.37566
1280960890668	2	1	-9.95647
1280960890668	2	0	0.040861
1280960890873	1	5	1
1280960890873	1	4	-84
1280960890873	1	3	333
1280960890873	1	2	1
1280960890873	1	1	-84
1280960890873	1	0	337.559
1280960891380	2	5	-1.07601
1280960891380	2	4	-10.0791
1280960891380	2	3	0.108963
1280960891380	2	2	-1.07601
1280960891380	2	1	-10.0791
1280960891380	2	0	0.108963
1280960891902	1	5	0
1280960891902	1	4	-86
1280960891902	1	3	332
1280960891902	1	2	0
1280960891902	1	1	-86
1280960891902	1	0	336.952
1280960892247	2	5	-0.721878
1280960892247	2	4	-10.0791
1280960892247	2	3	-0.040861
1280960892247	2	2	-0.721878
1280960892247	2	1	-10.0791
1280960892247	2	0	-0.040861
1280960892433	1	5	0
1280960892433	1	4	-88
1280960892433	1	3	331
1280960892433	1	2	0
1280960892433	1	1	-88
1280960892433	1	0	336.39
1280960892644	2	5	-0.422231
1280960892644	2	4	-10.0791
1280960892644	2	3	0
1280960892644	2	2	-0.422231
1280960892644	2	1	-10.0791
1280960892644	2	0	0
1280960892845	1	5	-1
1280960892845	1	4	-89
1280960892845	1	3	330
1280960892845	1	2	-1
1280960892845	1	1	-89
1280960892845	1	0	335.575
1280960893086	2	5	-0.040861
1280960893086	2	4	-10.1199
1280960893086	2	3	-0.108963
1280960893086	2	2	-0.040861
1280960893086	2	1	-10.1199
1280960893086	2	0	-0.108963
1280960893269	1	5	0
1280960893269	1	4	-88
1280960893269	1	3	329
1280960893269	1	2	0
1280960893269	1	1	-88
1280960893269	1	0	334.781
1280960893481	2	5	-0.272407
1280960893481	2	4	-10.1199
1280960893481	2	3	-0.040861
1280960893481	2	2	-0.272407
1280960893481	2	1	-10.1199
1280960893481	2	0	-0.040861
1280960894612	1	5	0
1280960894612	1	4	-87
1280960894612	1	3	328
1280960894612	1	2	0
1280960894612	1	1	-87
1280960894612	1	0	334.164
1280960894974	2	5	-0.503953
1280960894974	2	4	-10.0791
1280960894974	2	3	0.040861
1280960894974	2	2	-0.503953
1280960894974	2	1	-10.0791
1280960894974	2	0	0.040861
1280960895076	1	5	1
1280960895076	1	4	-84
1280960895076	1	3	327
1280960895076	1	2	1
1280960895076	1	1	-84
1280960895076	1	0	332.93
1280960895268	2	5	-0.994285
1280960895268	2	4	-10.0382
1280960895268	2	3	0.190685
1280960895268	2	2	-0.994285
1280960895268	2	1	-10.0382
1280960895268	2	0	0.190685
1280960895734	1	5	0
1280960895734	1	4	-83
1280960895734	1	3	326
1280960895734	1	2	0
1280960895734	1	1	-83
1280960895734	1	0	332.176
1280960896019	2	5	-1.22583
1280960896019	2	4	-10.0382
1280960896019	2	3	0.040861
1280960896019	2	2	-1.22583
1280960896019	2	1	-10.0382
1280960896019	2	0	0.040861
1280960896563	1	5	0
1280960896563	1	4	-79
1280960896563	1	3	325
1280960896563	1	2	0
1280960896563	1	1	-79
1280960896563	1	0	331.484
1280960896822	2	5	-1.87961
1280960896822	2	4	-9.88837
1280960896822	2	3	0.0817221
1280960896822	2	2	-1.87961
1280960896822	2	1	-9.88837
1280960896822	2	0	0.0817221
1280960897533	1	5	1
1280960897533	1	4	-76
1280960897533	1	3	325
1280960897533	1	2	1
1280960897533	1	1	-76
1280960897533	1	0	330.278
1280960897675	2	5	-2.45166
1280960897675	2	4	-9.72493
1280960897675	2	3	0.149824
1280960897675	2	2	-2.45166
1280960897675	2	1	-9.72493
1280960897675	2	0	0.149824
1280960897876	1	5	1
1280960897876	1	4	-70
1280960897876	1	3	325
1280960897876	1	2	1
1280960897876	1	1	-70
1280960897876	1	0	329.594
1280960898310	2	5	-3.33699
1280960898310	2	4	-9.42528
1280960898310	2	3	0.190685
1280960898310	2	2	-3.33699
1280960898310	2	1	-9.42528
1280960898310	2	0	0.190685
1280960898557	1	5	1
1280960898557	1	4	-65
1280960898557	1	3	324
1280960898557	1	2	1
1280960898557	1	1	-65
1280960898557	1	0	329.029
1280960899190	2	5	-4.20869
1280960899190	2	4	-9.11201
1280960899190	2	3	0.149824
1280960899190	2	2	-4.20869
1280960899190	2	1	-9.11201
1280960899190	2	0	0.149824
1280960899476	1	5	1
1280960899476	1	4	-59
1280960899476	1	3	324
1280960899476	1	2	1
1280960899476	1	1	-59
1280960899476	1	0	327.869
1280960899801	2	5	-5.05315
1280960899801	2	4	-8.58082
1280960899801	2	3	0.108963
1280960899801	2	2	-5.05315
1280960899801	2	1	-8.58082
1280960899801	2	0	0.108963
1280960900265	1	5	1
1280960900265	1	4	-54
1280960900265	1	3	324
1280960900265	1	2	1
1280960900265	1	1	-54
1280960900265	1	0	327.189
1280960900496	2	5	-5.85675
1280960900496	2	4	-8.00876
1280960900496	2	3	0.149824
1280960900496	2	2	-5.85675
1280960900496	2	1	-8.00876
1280960900496	2	0	0.149824
1280960900659	1	5	1
1280960900659	1	4	-48
1280960900659	1	3	324
1280960900659	1	2	1
1280960900659	1	1	-48
1280960900659	1	0	326.5
1280960901112	2	5	-6.63311
1280960901112	2	4	-7.27327
1280960901112	2	3	0.149824
1280960901112	2	2	-6.63311
1280960901112	2	1	-7.27327
1280960901112	2	0	0.149824
1280960901657	1	5	1
1280960901657	1	4	-41
1280960901657	1	3	324
1280960901657	1	2	1
1280960901657	1	1	-41
1280960901657	1	0	325.839
1280960902272	2	5	-7.50481
1280960902272	2	4	-6.46967
1280960902272	2	3	0.190685
1280960902272	2	2	-7.50481
1280960902272	2	1	-6.46967
1280960902272	2	0	0.190685
1280960903183	1	5	1
1280960903183	1	4	-34
1280960903183	1	3	324
1280960903183	1	2	1
1280960903183	1	1	-34
1280960903183	1	0	325.373
1280960903570	2	5	-8.26755
1280960903570	2	4	-5.59796
1280960903570	2	3	0.190685
1280960903570	2	2	-8.26755
1280960903570	2	1	-5.59796
1280960903570	2	0	0.190685
1280960904783	1	5	0
1280960904783	1	4	-27
1280960904783	1	3	323
1280960904783	1	2	0
1280960904783	1	1	-27
1280960904783	1	0	324.791
1280960905226	2	5	-8.92133
1280960905226	2	4	-4.52196
1280960905226	2	3	0
1280960905226	2	2	-8.92133
1280960905226	2	1	-4.52196
1280960905226	2	0	0
1280960905486	1	5	0
1280960905486	1	4	-22
1280960905486	1	3	323
1280960905486	1	2	0
1280960905486	1	1	-22
1280960905486	1	0	324.458
1280960905746	2	5	-9.3027
1280960905746	2	4	-3.75922
1280960905746	2	3	0.0817221
1280960905746	2	2	-9.3027
1280960905746	2	1	-3.75922
1280960905746	2	0	0.0817221
1280960906220	1	5	0
1280960906220	1	4	-19
1280960906220	1	3	324
1280960906220	1	2	0
1280960906220	1	1	-19
1280960906220	1	0	324.209
1280960906476	2	5	-9.3027
1280960906476	2	4	-3.1463
1280960906476	2	3	0
1280960906476	2	2	-9.3027
1280960906476	2	1	-3.1463
1280960906476	2	0	0
1280960907183	1	5	0
1280960907183	1	4	-14
1280960907183	1	3	329
1280960907183	1	2	0
1280960907183	1	1	-14
1280960907183	1	0	324.044
1280960907924	2	5	-9.5751
1280960907924	2	4	-2.4108
1280960907924	2	3	0
1280960907924	2	2	-9.5751
1280960907924	2	1	-2.4108
1280960907924	2	0	0
1280960908346	1	5	-1
1280960908346	1	4	-10
1280960908346	1	3	330
1280960908346	1	2	-1
1280960908346	1	1	-10
1280960908346	1	0	324.385
1280960908801	2	5	-9.61597
1280960908801	2	4	-1.75702
1280960908801	2	3	-0.231546
1280960908801	2	2	-9.61597
1280960908801	2	1	-1.75702
1280960908801	2	0	-0.231546
1280960909408	1	5	0
1280960909408	1	4	-7
1280960909408	1	3	336
1280960909408	1	2	0
1280960909408	1	1	-7
1280960909408	1	0	324.531
1280960909716	2	5	-9.80665
1280960909716	2	4	-1.26669
1280960909716	2	3	0.040861
1280960909716	2	2	-9.80665
1280960909716	2	1	-1.26669
1280960909716	2	0	0.040861
1280960910101	1	5	-1
1280960910101	1	4	-4
1280960910101	1	3	337
1280960910101	1	2	-1
1280960910101	1	1	-4
1280960910101	1	0	325.357
1280960910210	2	5	-9.95647
1280960910210	2	4	-0.762739
1280960910210	2	3	-0.149824
1280960910210	2	2	-9.95647
1280960910210	2	1	-0.762739
1280960910210	2	0	-0.149824
1280960910311	1	5	-1
1280960910311	1	4	-3
1280960910311	1	3	342
1280960910311	1	2	-1
1280960910311	1	1	-3
1280960910311	1	0	326.502
1280960910405	2	5	-9.53424
1280960910405	2	4	-0.503953
1280960910405	2	3	-0.149824
1280960910405	2	2	-9.53424
1280960910405	2	1	-0.503953
1280960910405	2	0	-0.149824
1280960910620	1	5	0
1280960910620	1	4	0
1280960910620	1	3	346
1280960910620	1	2	0
1280960910620	1	1	0
1280960910620	1	0	327.765
1280960910817	2	5	-10.188
1280960910817	2	4	-0.040861
1280960910817	2	3	-0.040861
1280960910817	2	2	-10.188
1280960910817	2	1	-0.040861
1280960910817	2	0	-0.040861
1280960911141	1	5	-1
1280960911141	1	4	-1
1280960911141	1	3	347
1280960911141	1	2	-1
1280960911141	1	1	-1
1280960911141	1	0	330.056
1280960911776	2	5	-9.65683
1280960911776	2	4	-0.108963
1280960911776	2	3	-0.0817221
1280960911776	2	2	-9.65683
1280960911776	2	1	-0.108963
1280960911776	2	0	-0.0817221
1280960911958	1	5	0
1280960911958	1	4	-1
1280960911958	1	3	348
1280960911958	1	2	0
1280960911958	1	1	-1
1280960911958	1	0	331.223
1280960912185	2	5	-9.76579
1280960912185	2	4	-0.108963
1280960912185	2	3	-0.040861
1280960912185	2	2	-9.76579
1280960912185	2	1	-0.108963
1280960912185	2	0	-0.040861
1280960912690	1	5	0
1280960912690	1	4	-1
1280960912690	1	3	349
1280960912690	1	2	0
1280960912690	1	1	-1
1280960912690	1	0	333.15
1280960912811	1	5	0
1280960912811	1	4	-1
1280960912811	1	3	350
1280960912811	1	2	0
1280960912811	1	1	-1
1280960912811	1	0	336.382
1280960913131	2	5	-9.72493
1280960913131	2	4	-0.149824
1280960913131	2	3	-0.040861
1280960913131	2	2	-9.72493
1280960913131	2	1	-0.149824
1280960913131	2	0	-0.040861
1280960913498	2	5	-9.72493
1280960913498	2	4	-0.108963
1280960913498	2	3	-0.040861
1280960913498	2	2	-9.72493
1280960913498	2	1	-0.108963
1280960913498	2	0	-0.040861
1280960913720	2	5	-9.65683
1280960913720	2	4	-0.108963
1280960913720	2	3	-0.040861
1280960913720	2	2	-9.65683
1280960913720	2	1	-0.108963
1280960913720	2	0	-0.040861
1280960913944	2	5	-9.72493
1280960913944	2	4	-0.108963
1280960913944	2	3	-0.040861
1280960913944	2	2	-9.72493
1280960913944	2	1	-0.108963
1280960913944	2	0	-0.040861
1280960914121	2	5	-9.69769
1280960914121	2	4	-0.108963
1280960914121	2	3	-0.040861
1280960914121	2	2	-9.69769
1280960914121	2	1	-0.108963
1280960914121	2	0	-0.040861
1280960914437	1	5	0
1280960914437	1	4	0
1280960914437	1	3	350
1280960914437	1	2	0
1280960914437	1	1	0
1280960914437	1	0	344.851
1280960915298	2	5	-9.72493
1280960915298	2	4	-0.0817221
1280960915298	2	3	-0.040861
1280960915298	2	2	-9.72493
1280960915298	2	1	-0.0817221
1280960915298	2	0	-0.040861
1280960916638	2	5	-9.69769
1280960916638	2	4	-0.0817221
1280960916638	2	3	-0.040861
1280960916638	2	2	-9.69769
1280960916638	2	1	-0.0817221
1280960916638	2	0	-0.040861
1280960917465	1	5	1
1280960917465	1	4	0
1280960917465	1	3	351
1280960917465	1	2	1
1280960917465	1	1	0
1280960917465	1	0	346.321
1280960918082	2	5	-9.72493
1280960918082	2	4	-0.040861
1280960918082	2	3	0.108963
1280960918082	2	2	-9.72493
1280960918082	2	1	-0.040861
1280960918082	2	0	0.108963
1280960918726	1	5	0
1280960918726	1	4	-1
1280960918726	1	3	351
1280960918726	1	2	0
1280960918726	1	1	-1
1280960918726	1	0	347.529
1280960919007	2	5	-9.84751
1280960919007	2	4	-0.108963
1280960919007	2	3	0
1280960919007	2	2	-9.84751
1280960919007	2	1	-0.108963
1280960919007	2	0	0
1280960919191	1	5	0
1280960919191	1	4	1
1280960919191	1	3	351
1280960919191	1	2	0
1280960919191	1	1	1
1280960919191	1	0	348.134
1280960919607	2	5	-9.80665
1280960919607	2	4	0.149824
1280960919607	2	3	0
1280960919607	2	2	-9.80665
1280960919607	2	1	0.149824
1280960919607	2	0	0
1280960919830	1	5	1
1280960919830	1	4	3
1280960919830	1	3	352
1280960919830	1	2	1
1280960919830	1	1	3
1280960919830	1	0	348.692
1280960919975	2	5	-9.91561
1280960919975	2	4	0.531194
1280960919975	2	3	0.190685
1280960919975	2	2	-9.91561
1280960919975	2	1	0.531194
1280960919975	2	0	0.190685
1280960920194	1	5	2
1280960920194	1	4	6
1280960920194	1	3	353
1280960920194	1	2	2
1280960920194	1	1	6
1280960920194	1	0	349.401
1280960920421	2	5	-9.80665
1280960920421	2	4	1.03515
1280960920421	2	3	0.272407
1280960920421	2	2	-9.80665
1280960920421	2	1	1.03515
1280960920421	2	0	0.272407
1280960920964	1	5	3
1280960920964	1	4	12
1280960920964	1	3	353
1280960920964	1	2	3
1280960920964	1	1	12
1280960920964	1	0	349.781
1280960921217	2	5	-9.65683
1280960921217	2	4	2.11115
1280960921217	2	3	0.463092
1280960921217	2	2	-9.65683
1280960921217	2	1	2.11115
1280960921217	2	0	0.463092
1280960921412	1	5	2
1280960921412	1	4	19
1280960921412	1	3	352
1280960921412	1	2	2
1280960921412	1	1	19
1280960921412	1	0	350.043
1280960921631	2	5	-9.19374
1280960921631	2	4	3.2144
1280960921631	2	3	0.38137
1280960921631	2	2	-9.19374
1280960921631	2	1	3.2144
1280960921631	2	0	0.38137
1280960921761	1	5	1
1280960921761	1	4	27
1280960921761	1	3	346
1280960921761	1	2	1
1280960921761	1	1	27
1280960921761	1	0	350.153
1280960921985	2	5	-8.43099
1280960921985	2	4	4.29041
1280960921985	2	3	0.149824
1280960921985	2	2	-8.43099
1280960921985	2	1	4.29041
1280960921985	2	0	0.149824
1280960922097	1	5	2
1280960922097	1	4	34
1280960922097	1	3	341
1280960922097	1	2	2
1280960922097	1	1	34
1280960922097	1	0	350.167
1280960922193	2	5	-8.00876
1280960922193	2	4	5.40728
1280960922193	2	3	0.272407
1280960922193	2	2	-8.00876
1280960922193	2	1	5.40728
1280960922193	2	0	0.272407
1280960922404	1	5	2
1280960922404	1	4	41
1280960922404	1	3	340
1280960922404	1	2	2
1280960922404	1	1	41
1280960922404	1	0	350.079
1280960922684	2	5	-7.50481
1280960922684	2	4	6.4288
1280960922684	2	3	0.38137
1280960922684	2	2	-7.50481
1280960922684	2	1	6.4288
1280960922684	2	0	0.38137
1280960922854	1	5	1
1280960922854	1	4	47
1280960922854	1	3	335
1280960922854	1	2	1
1280960922854	1	1	47
1280960922854	1	0	349.814
1280960923047	2	5	-6.55139
1280960923047	2	4	7.04172
1280960923047	2	3	0.231546
1280960923047	2	2	-6.55139
1280960923047	2	1	7.04172
1280960923047	2	0	0.231546
1280960923240	1	5	0
1280960923240	1	4	53
1280960923240	1	3	329
1280960923240	1	2	0
1280960923240	1	1	53
1280960923240	1	0	348.863
1280960923978	2	5	-5.89761
1280960923978	2	4	7.77722
1280960923978	2	3	0
1280960923978	2	2	-5.89761
1280960923978	2	1	7.77722
1280960923978	2	0	0
1280960924183	1	5	-1
1280960924183	1	4	61
1280960924183	1	3	321
1280960924183	1	2	-1
1280960924183	1	1	61
1280960924183	1	0	347.37
1280960924455	2	5	-4.7535
1280960924455	2	4	8.47186
1280960924455	2	3	-0.190685
1280960924455	2	2	-4.7535
1280960924455	2	1	8.47186
1280960924455	2	0	-0.190685
1280960924563	1	5	0
1280960924563	1	4	67
1280960924563	1	3	316
1280960924563	1	2	0
1280960924563	1	1	67
1280960924563	1	0	344.363
1280960924680	2	5	-3.78646
1280960924680	2	4	9.11201
1280960924680	2	3	-0.0817221
1280960924680	2	2	-3.78646
1280960924680	2	1	9.11201
1280960924680	2	0	-0.0817221
1280960924834	1	5	0
1280960924834	1	4	75
1280960924834	1	3	308
1280960924834	1	2	0
1280960924834	1	1	75
1280960924834	1	0	341.764
1280960925073	2	5	-2.49252
1280960925073	2	4	9.49338
1280960925073	2	3	0.040861
1280960925073	2	2	-2.49252
1280960925073	2	1	9.49338
1280960925073	2	0	0.040861
1280960925266	1	5	0
1280960925266	1	4	83
1280960925266	1	3	299
1280960925266	1	2	0
1280960925266	1	1	83
1280960925266	1	0	338.881
1280960925528	2	5	-1.11687
1280960925528	2	4	9.76579
1280960925528	2	3	0
1280960925528	2	2	-1.11687
1280960925528	2	1	9.76579
1280960925528	2	0	0
1280960925947	1	5	-1
1280960925947	1	4	92
1280960925947	1	3	290
1280960925947	1	2	-1
1280960925947	1	1	92
1280960925947	1	0	333.9
1280960926117	2	5	0.231546
1280960926117	2	4	9.99734
1280960926117	2	3	-0.190685
1280960926117	2	2	0.231546
1280960926117	2	1	9.99734
1280960926117	2	0	-0.190685
1280960926344	1	5	-2
1280960926344	1	4	97
1280960926344	1	3	286
1280960926344	1	2	-2
1280960926344	1	1	97
1280960926344	1	0	328.74
1280960926535	2	5	1.22583
1280960926535	2	4	9.99734
1280960926535	2	3	-0.340509
1280960926535	2	2	1.22583
1280960926535	2	1	9.99734
1280960926535	2	0	-0.340509
1280960926730	1	5	-2
1280960926730	1	4	100
1280960926730	1	3	287
1280960926730	1	2	-2
1280960926730	1	1	100
1280960926730	1	0	323.18
1280960926894	2	5	1.68892
1280960926894	2	4	9.95647
1280960926894	2	3	-0.299648
1280960926894	2	2	1.68892
1280960926894	2	1	9.95647
1280960926894	2	0	-0.299648
1280960927016	1	5	-2
1280960927016	1	4	101
1280960927016	1	3	292
1280960927016	1	2	-2
1280960927016	1	1	101
1280960927016	1	0	318.007
1280960927176	2	5	1.83875
1280960927176	2	4	9.95647
1280960927176	2	3	-0.272407
1280960927176	2	2	1.83875
1280960927176	2	1	9.95647
1280960927176	2	0	-0.272407
1280960927416	1	5	-2
1280960927416	1	4	101
1280960927416	1	3	297
1280960927416	1	2	-2
1280960927416	1	1	101
1280960927416	1	0	313.46
1280960927565	2	5	1.87961
1280960927565	2	4	9.91561
1280960927565	2	3	-0.299648
1280960927565	2	2	1.87961
1280960927565	2	1	9.91561
1280960927565	2	0	-0.299648
1280960927776	1	5	-2
1280960927776	1	4	100
1280960927776	1	3	302
1280960927776	1	2	-2
1280960927776	1	1	100
1280960927776	1	0	309.043
1280960928079	2	5	1.79789
1280960928079	2	4	9.99734
1280960928079	2	3	-0.272407
1280960928079	2	2	1.79789
1280960928079	2	1	9.99734
1280960928079	2	0	-0.272407
1280960928403	1	5	-2
1280960928403	1	4	100
1280960928403	1	3	303
1280960928403	1	2	-2
1280960928403	1	1	100
1280960928403	1	0	305.2
1280960928633	2	5	1.75702
1280960928633	2	4	9.95647
1280960928633	2	3	-0.340509
1280960928633	2	2	1.75702
1280960928633	2	1	9.95647
1280960928633	2	0	-0.340509
1280960928830	2	5	1.68892
1280960928830	2	4	9.95647
1280960928830	2	3	-0.340509
1280960928830	2	2	1.68892
1280960928830	2	1	9.95647
1280960928830	2	0	-0.340509
1280960929034	1	5	-2
1280960929034	1	4	98
1280960929034	1	3	304
1280960929034	1	2	-2
1280960929034	1	1	98
1280960929034	1	0	302.179
1280960929411	2	5	1.45738
1280960929411	2	4	9.99734
1280960929411	2	3	-0.272407
1280960929411	2	2	1.45738
1280960929411	2	1	9.99734
1280960929411	2	0	-0.272407
1280960929613	1	5	-2
1280960929613	1	4	97
1280960929613	1	3	308
1280960929613	1	2	-2
1280960929613	1	1	97
1280960929613	1	0	299.488
1280960929866	2	5	1.14411
1280960929866	2	4	10.0382
1280960929866	2	3	-0.272407
1280960929866	2	2	1.14411
1280960929866	2	1	10.0382
1280960929866	2	0	-0.272407
1280960930087	1	5	-2
1280960930087	1	4	93
1280960930087	1	3	312
1280960930087	1	2	-2
1280960930087	1	1	93
1280960930087	1	0	298.057
1280960930348	2	5	0.422231
1280960930348	2	4	10.0382
1280960930348	2	3	-0.299648
1280960930348	2	2	0.422231
1280960930348	2	1	10.0382
1280960930348	2	0	-0.299648
1280960930613	1	5	-1
1280960930613	1	4	88
1280960930613	1	3	317
1280960930613	1	2	-1
1280960930613	1	1	88
1280960930613	1	0	297.759
1280960930937	2	5	-0.340509
1280960930937	2	4	9.99734
1280960930937	2	3	-0.149824
1280960930937	2	2	-0.340509
1280960930937	2	1	9.99734
1280960930937	2	0	-0.149824
1280960931190	1	5	-1
1280960931190	1	4	82
1280960931190	1	3	321
1280960931190	1	2	-1
1280960931190	1	1	82
1280960931190	1	0	299.063
1280960931399	2	5	-1.30755
1280960931399	2	4	9.80665
1280960931399	2	3	-0.190685
1280960931399	2	2	-1.30755
1280960931399	2	1	9.80665
1280960931399	2	0	-0.190685
1280960931600	1	5	-1
1280960931600	1	4	75
1280960931600	1	3	325
1280960931600	1	2	-1
1280960931600	1	1	75
1280960931600	1	0	300.724
1280960931801	2	5	-2.49252
1280960931801	2	4	9.46614
1280960931801	2	3	-0.149824
1280960931801	2	2	-2.49252
1280960931801	2	1	9.46614
1280960931801	2	0	-0.149824
1280960932086	1	5	-1
1280960932086	1	4	67
1280960932086	1	3	329
1280960932086	1	2	-1
1280960932086	1	1	67
1280960932086	1	0	303.464
1280960932300	2	5	-3.82732
1280960932300	2	4	9.00305
1280960932300	2	3	-0.0817221
1280960932300	2	2	-3.82732
1280960932300	2	1	9.00305
1280960932300	2	0	-0.0817221
1280960932505	1	5	-1
1280960932505	1	4	60
1280960932505	1	3	330
1280960932505	1	2	-1
1280960932505	1	1	60
1280960932505	1	0	306.941
1280960932646	2	5	-4.79436
1280960932646	2	4	8.43099
1280960932646	2	3	-0.0817221
1280960932646	2	2	-4.79436
1280960932646	2	1	8.43099
1280960932646	2	0	-0.0817221
1280960932755	1	5	0
1280960932755	1	4	52
1280960932755	1	3	334
1280960932755	1	2	0
1280960932755	1	1	52
1280960932755	1	0	309.186
1280960932977	2	5	-5.85675
1280960932977	2	4	7.50481
1280960932977	2	3	0.0817221
1280960932977	2	2	-5.85675
1280960932977	2	1	7.50481
1280960932977	2	0	0.0817221
1280960933236	1	5	1
1280960933236	1	4	41
1280960933236	1	3	338
1280960933236	1	2	1
1280960933236	1	1	41
1280960933236	1	0	311.686
1280960933447	2	5	-7.39585
1280960933447	2	4	6.31984
1280960933447	2	3	0.108963
1280960933447	2	2	-7.39585
1280960933447	2	1	6.31984
1280960933447	2	0	0.108963
1280960933656	1	5	2
1280960933656	1	4	31
1280960933656	1	3	342
1280960933656	1	2	2
1280960933656	1	1	31
1280960933656	1	0	315.032
1280960933845	2	5	-8.39013
1280960933845	2	4	4.94419
1280960933845	2	3	0.340509
1280960933845	2	2	-8.39013
1280960933845	2	1	4.94419
1280960933845	2	0	0.340509
1280960934082	1	5	3
1280960934082	1	4	23
1280960934082	1	3	343
1280960934082	1	2	3
1280960934082	1	1	23
1280960934082	1	0	320.81
1280960934299	2	5	-9.00305
1280960934299	2	4	3.78646
1280960934299	2	3	0.572055
1280960934299	2	2	-9.00305
1280960934299	2	1	3.78646
1280960934299	2	0	0.572055
1280960934509	1	5	3
1280960934509	1	4	14
1280960934509	1	3	344
1280960934509	1	2	3
1280960934509	1	1	14
1280960934509	1	0	325.411
1280960934700	2	5	-9.42528
1280960934700	2	4	2.4108
1280960934700	2	3	0.503953
1280960934700	2	2	-9.42528
1280960934700	2	1	2.4108
1280960934700	2	0	0.503953
1280960934912	1	5	2
1280960934912	1	4	8
1280960934912	1	3	345
1280960934912	1	2	2
1280960934912	1	1	8
1280960934912	1	0	328.502
1280960935094	2	5	-9.72493
1280960935094	2	4	1.30755
1280960935094	2	3	0.422231
1280960935094	2	2	-9.72493
1280960935094	2	1	1.30755
1280960935094	2	0	0.422231
1280960935311	1	5	2
1280960935311	1	4	2
1280960935311	1	3	346
1280960935311	1	2	2
1280960935311	1	1	2
1280960935311	1	0	331.234
1280960935518	2	5	-9.99734
1280960935518	2	4	0.38137
1280960935518	2	3	0.272407
1280960935518	2	2	-9.99734
1280960935518	2	1	0.38137
1280960935518	2	0	0.272407
1280960935735	1	5	0
1280960935735	1	4	-1
1280960935735	1	3	347
1280960935735	1	2	0
1280960935735	1	1	-1
1280960935735	1	0	335.206
1280960935923	2	5	-9.95647
1280960935923	2	4	-0.231546
1280960935923	2	3	0.0817221
1280960935923	2	2	-9.95647
1280960935923	2	1	-0.231546
1280960935923	2	0	0.0817221
1280960936129	1	5	0
1280960936129	1	4	0
1280960936129	1	3	347
1280960936129	1	2	0
1280960936129	1	1	0
1280960936129	1	0	337.086
1280960936307	2	5	-9.72493
1280960936307	2	4	-0.040861
1280960936307	2	3	0
1280960936307	2	2	-9.72493
1280960936307	2	1	-0.040861
1280960936307	2	0	0
1280960936511	1	5	0
1280960936511	1	4	-1
1280960936511	1	3	348
1280960936511	1	2	0
1280960936511	1	1	-1
1280960936511	1	0	338.986
1280960936698	2	5	-9.72493
1280960936698	2	4	-0.108963
1280960936698	2	3	0
1280960936698	2	2	-9.72493
1280960936698	2	1	-0.108963
1280960936698	2	0	0
1280960936912	2	5	-9.72493
1280960936912	2	4	-0.149824
1280960936912	2	3	-0.040861
1280960936912	2	2	-9.72493
1280960936912	2	1	-0.149824
1280960936912	2	0	-0.040861
1280960937133	1	5	0
1280960937133	1	4	0
1280960937133	1	3	349
1280960937133	1	2	0
1280960937133	1	1	0
1280960937133	1	0	342.806
1280960937317	2	5	-9.80665
1280960937317	2	4	-0.0817221
1280960937317	2	3	0.040861
1280960937317	2	2	-9.80665
1280960937317	2	1	-0.0817221
1280960937317	2	0	0.040861
1280960937530	1	5	0
1280960937530	1	4	0
1280960937530	1	3	350
1280960937530	1	2	0
1280960937530	1	1	0
1280960937530	1	0	343.935
1280960937751	2	5	-9.65683
1280960937751	2	4	-0.0817221
1280960937751	2	3	-0.040861
1280960937751	2	2	-9.65683
1280960937751	2	1	-0.0817221
1280960937751	2	0	-0.040861
1280960937934	1	5	0
1280960937934	1	4	-1
1280960937934	1	3	351
1280960937934	1	2	0
1280960937934	1	1	-1
1280960937934	1	0	345.198
1280960938141	2	5	-9.72493
1280960938141	2	4	-0.108963
1280960938141	2	3	-0.040861
1280960938141	2	2	-9.72493
1280960938141	2	1	-0.108963
1280960938141	2	0	-0.040861
1280960938325	1	5	0
1280960938325	1	4	-1
1280960938325	1	3	352
1280960938325	1	2	0
1280960938325	1	1	-1
1280960938325	1	0	346.509
1280960938541	2	5	-9.72493
1280960938541	2	4	-0.108963
1280960938541	2	3	0
1280960938541	2	2	-9.72493
1280960938541	2	1	-0.108963
1280960938541	2	0	0
1280960938763	2	5	-9.76579
1280960938763	2	4	-0.108963
1280960938763	2	3	-0.040861
1280960938763	2	2	-9.76579
1280960938763	2	1	-0.108963
1280960938763	2	0	-0.040861
1280960938951	1	5	0
1280960938951	1	4	0
1280960938951	1	3	352
1280960938951	1	2	0
1280960938951	1	1	0
1280960938951	1	0	347.672
1280960939197	2	5	-9.72493
1280960939197	2	4	-0.0817221
1280960939197	2	3	-0.040861
1280960939197	2	2	-9.72493
1280960939197	2	1	-0.0817221
1280960939197	2	0	-0.040861
1280960939436	2	5	-9.69769
1280960939436	2	4	-0.0817221
1280960939436	2	3	-0.040861
1280960939436	2	2	-9.69769
1280960939436	2	1	-0.0817221
1280960939436	2	0	-0.040861
1280960939634	1	5	-1
1280960939634	1	4	0
1280960939634	1	3	352
1280960939634	1	2	-1
1280960939634	1	1	0
1280960939634	1	0	348.65
1280960939910	2	5	-9.88837
1280960939910	2	4	-0.0817221
1280960939910	2	3	-0.149824
1280960939910	2	2	-9.88837
1280960939910	2	1	-0.0817221
1280960939910	2	0	-0.149824
1280960940172	1	5	0
1280960940172	1	4	-1
1280960940172	1	3	352
1280960940172	1	2	0
1280960940172	1	1	-1
1280960940172	1	0	349.301
1280960940286	2	5	-9.61597
1280960940286	2	4	-0.149824
1280960940286	2	3	0
1280960940286	2	2	-9.61597
1280960940286	2	1	-0.149824
1280960940286	2	0	0
1280960940516	2	5	-9.69769
1280960940516	2	4	-0.149824
1280960940516	2	3	0
1280960940516	2	2	-9.69769
1280960940516	2	1	-0.149824
1280960940516	2	0	0
1280960940776	2	5	-9.65683
1280960940776	2	4	-0.149824
1280960940776	2	3	-0.040861
1280960940776	2	2	-9.65683
1280960940776	2	1	-0.149824
1280960940776	2	0	-0.040861
1280960941304	2	5	-9.72493
1280960941304	2	4	-0.149824
1280960941304	2	3	-0.040861
1280960941304	2	2	-9.72493
1280960941304	2	1	-0.040861
1280960941304	2	0	0.149824
1280960941559	2	5	-9.72493
1280960941559	2	4	-0.108963
1280960941559	2	3	-0.040861
1280960941559	2	2	-9.72493
1280960941559	2	1	-0.040861
1280960941559	2	0	0.108963
1280960941752	2	5	-9.69769
1280960941752	2	4	-0.108963
1280960941752	2	3	-0.040861
1280960941752	2	2	-9.69769
1280960941752	2	1	-0.040861
1280960941752	2	0	0.108963
1280960941926	2	5	-9.72493
1280960941926	2	4	-0.108963
1280960941926	2	3	0.040861
1280960941926	2	2	-9.72493
1280960941926	2	1	0.040861
1280960941926	2	0	0.108963
1280960942149	2	5	-9.72493
1280960942149	2	4	-0.108963
1280960942149	2	3	-0.040861
1280960942149	2	2	-9.72493
1280960942149	2	1	-0.040861
1280960942149	2	0	0.108963
1280960942365	2	5	-9.69769
1280960942365	2	4	-0.108963
1280960942365	2	3	-0.040861
1280960942365	2	2	-9.69769
1280960942365	2	1	-0.040861
1280960942365	2	0	0.108963
1280960942556	2	5	-9.72493
1280960942556	2	4	-0.108963
1280960942556	2	3	0
1280960942556	2	2	-9.72493
1280960942556	2	1	0
1280960942556	2	0	0.108963
1280960942785	2	5	-9.76579
1280960942785	2	4	-0.149824
1280960942785	2	3	-0.040861
1280960942785	2	2	-9.76579
1280960942785	2	1	-0.040861
1280960942785	2	0	0.149824
1280960942979	2	5	-9.69769
1280960942979	2	4	-0.108963
1280960942979	2	3	0
1280960942979	2	2	-9.69769
1280960942979	2	1	0
1280960942979	2	0	0.108963
1280960943121	2	5	-9.72493
1280960943121	2	4	-0.108963
1280960943121	2	3	-0.040861
1280960943121	2	2	-9.72493
1280960943121	2	1	-0.040861
1280960943121	2	0	0.108963
1280960943472	1	5	0
1280960943472	1	4	0
1280960943472	1	3	352
1280960943472	1	2	0
1280960943472	1	1	0
1280960943472	1	0	351.668
1280960943742	2	5	-9.72493
1280960943742	2	4	-0.0817221
1280960943742	2	3	-0.040861
1280960943742	2	2	-9.72493
1280960943742	2	1	-0.0817221
1280960943742	2	0	-0.040861
1280960943993	1	5	0
1280960943993	1	4	-1
1280960943993	1	3	352
1280960943993	1	2	0
1280960943993	1	1	-1
1280960943993	1	0	351.902
1280960944286	2	5	-9.76579
1280960944286	2	4	-0.108963
1280960944286	2	3	-0.040861
1280960944286	2	2	-9.76579
1280960944286	2	1	-0.108963
1280960944286	2	0	-0.040861
1280960944597	2	5	-9.72493
1280960944597	2	4	-0.108963
1280960944597	2	3	-0.040861
1280960944597	2	2	-9.72493
1280960944597	2	1	-0.108963
1280960944597	2	0	-0.040861
1280960944852	2	5	-9.72493
1280960944852	2	4	-0.108963
1280960944852	2	3	0
1280960944852	2	2	-9.72493
1280960944852	2	1	-0.108963
1280960944852	2	0	0
1280960945098	2	5	-9.72493
1280960945098	2	4	-0.149824
1280960945098	2	3	-0.040861
1280960945098	2	2	-9.72493
1280960945098	2	1	-0.149824
1280960945098	2	0	-0.040861
1280960945360	2	5	-9.72493
1280960945360	2	4	-0.108963
1280960945360	2	3	-0.040861
1280960945360	2	2	-9.72493
1280960945360	2	1	-0.108963
1280960945360	2	0	-0.040861
1280960945587	2	5	-9.72493
1280960945587	2	4	-0.149824
1280960945587	2	3	-0.040861
1280960945587	2	2	-9.72493
1280960945587	2	1	-0.149824
1280960945587	2	0	-0.040861
1280960945797	1	5	0
1280960945797	1	4	0
1280960945797	1	3	352
1280960945797	1	2	0
1280960945797	1	1	0
1280960945797	1	0	352.005
1280960946015	2	5	-9.72493
1280960946015	2	4	-0.040861
1280960946015	2	3	0
1280960946015	2	2	-9.72493
1280960946015	2	1	-0.040861
1280960946015	2	0	0
1280960946110	1	5	-1
1280960946110	1	4	-1
1280960946110	1	3	352
1280960946110	1	2	-1
1280960946110	1	1	-1
1280960946110	1	0	352.029
1280960946284	2	5	-9.76579
1280960946284	2	4	-0.149824
1280960946284	2	3	-0.0817221
1280960946284	2	2	-9.76579
1280960946284	2	1	-0.149824
1280960946284	2	0	-0.0817221
1280960946568	1	5	0
1280960946568	1	4	-1
1280960946568	1	3	352
1280960946568	1	2	0
1280960946568	1	1	-1
1280960946568	1	0	352.149
1280960946802	2	5	-9.69769
1280960946802	2	4	-0.149824
1280960946802	2	3	-0.040861
1280960946802	2	2	-9.69769
1280960946802	2	1	-0.149824
1280960946802	2	0	-0.040861
1280960946998	1	5	0
1280960946998	1	4	0
1280960946998	1	3	352
1280960946998	1	2	0
1280960946998	1	1	0
1280960946998	1	0	352.17
1280960947256	2	5	-9.69769
1280960947256	2	4	-0.0817221
1280960947256	2	3	-0.040861
1280960947256	2	2	-9.69769
1280960947256	2	1	-0.0817221
1280960947256	2	0	-0.040861
1280960947657	1	5	0
1280960947657	1	4	-1
1280960947657	1	3	352
1280960947657	1	2	0
1280960947657	1	1	-1
1280960947657	1	0	352.183
1280960947957	2	5	-9.72493
1280960947957	2	4	-0.108963
1280960947957	2	3	0
1280960947957	2	2	-9.72493
1280960947957	2	1	-0.108963
1280960947957	2	0	0
1280960948377	1	5	-1
1280960948377	1	4	-1
1280960948377	1	3	352
1280960948377	1	2	-1
1280960948377	1	1	-1
1280960948377	1	0	352.191
1280960948830	2	5	-9.72493
1280960948830	2	4	-0.108963
1280960948830	2	3	-0.0817221
1280960948830	2	2	-9.72493
1280960948830	2	1	-0.108963
1280960948830	2	0	-0.0817221
1280960949240	1	5	0
1280960949240	1	4	0
1280960949240	1	3	352
1280960949240	1	2	0
1280960949240	1	1	0
1280960949240	1	0	352.196
1280960949514	2	5	-9.69769
1280960949514	2	4	-0.0817221
1280960949514	2	3	0
1280960949514	2	2	-9.69769
1280960949514	2	1	-0.0817221
1280960949514	2	0	0
1280960952329	1	5	-1
1280960952329	1	4	-1
1280960952329	1	3	352
1280960952329	1	2	-1
1280960952329	1	1	-1
1280960952329	1	0	352.201
1280960952479	2	5	-9.69769
1280960952479	2	4	-0.149824
1280960952479	2	3	-0.108963
1280960952479	2	2	-9.69769
1280960952479	2	1	-0.149824
1280960952479	2	0	-0.108963
1280960952595	1	5	0
1280960952595	1	4	-1
1280960952595	1	3	352
1280960952595	1	2	0
1280960952595	1	1	-1
1280960952595	1	0	352.203
1280960952744	2	5	-9.76579
1280960952744	2	4	-0.149824
1280960952744	2	3	-0.040861
1280960952744	2	2	-9.76579
1280960952744	2	1	-0.149824
1280960952744	2	0	-0.040861
1280960952885	1	5	0
1280960952885	1	4	0
1280960952885	1	3	352
1280960952885	1	2	0
1280960952885	1	1	0
1280960952885	1	0	353.435
1280960953040	2	5	-9.72493
1280960953040	2	4	-0.0817221
1280960953040	2	3	-0.040861
1280960953040	2	2	-9.72493
1280960953040	2	1	-0.0817221
1280960953040	2	0	-0.040861
1280960953345	1	5	0
1280960953345	1	4	-1
1280960953345	1	3	352
1280960953345	1	2	0
1280960953345	1	1	-1
1280960953345	1	0	352
1280960953662	2	5	-9.69769
1280960953662	2	4	-0.108963
1280960953662	2	3	-0.040861
1280960953662	2	2	-9.69769
1280960953662	2	1	-0.108963
1280960953662	2	0	-0.040861
