13982877137000	2	2	0
13982877137000	2	1	0
13982877137000	2	0	0
13982955415000	1	2	0
13982955415000	1	1	0
13982955415000	1	0	354
13982955415000	2	2	9.84751
13982955415000	2	1	0.040861
13982955415000	2	0	0
13983033723000	2	2	9.76579
13983033723000	2	1	0.040861
13983033723000	2	0	0
13983119447000	2	2	9.80665
13983119447000	2	1	0.0817221
13983119447000	2	0	0
13983197846000	2	2	9.72493
13983197846000	2	1	0.040861
13983197846000	2	0	-0.040861
13983279908000	2	2	9.76579
13983279908000	2	1	0.040861
13983279908000	2	0	-0.040861
13983358308000	2	2	9.76579
13983358308000	2	1	0.040861
13983358308000	2	0	0
13983436524000	2	2	9.76579
13983436524000	2	1	0
13983436524000	2	0	0
13983522828000	2	2	9.76579
13983522828000	2	1	0
13983522828000	2	0	-0.040861
13983600770000	2	2	9.80665
13983600770000	2	1	0.040861
13983600770000	2	0	-0.0817221
13983679108000	1	2	-1
13983679108000	1	1	0
13983679108000	1	0	354
13983679108000	2	2	9.80665
13983679108000	2	1	-0.040861
13983679108000	2	0	-0.108963
13983757356000	2	2	9.76579
13983757356000	2	1	0
13983757356000	2	0	-0.149824
13983835603000	2	2	9.80665
13983835603000	2	1	0
13983835603000	2	0	-0.149824
13983921784000	1	2	-2
13983921784000	1	1	0
13983921784000	1	0	354
13983921784000	2	2	10.0382
13983921784000	2	1	-0.040861
13983921784000	2	0	-0.422231
13984000123000	1	2	-8
13984000123000	1	1	0
13984000123000	1	0	353
13984000123000	2	2	9.72493
13984000123000	2	1	-0.040861
13984000123000	2	0	-1.37566
13984078645000	1	2	-14
13984078645000	1	1	0
13984078645000	1	0	348
13984078645000	2	2	9.46614
13984078645000	2	1	-0.040861
13984078645000	2	0	-2.3427
13984157075000	1	2	-19
13984157075000	1	1	1
13984157075000	1	0	343
13984157075000	2	2	9.2346
13984157075000	2	1	-0.0817221
13984157075000	2	0	-3.25526
13984235291000	1	2	-25
13984235291000	1	1	0
13984235291000	1	0	338
13984235291000	2	2	8.92133
13984235291000	2	1	-0.0817221
13984235291000	2	0	-4.18145
13984321687000	1	2	-32
13984321687000	1	1	1
13984321687000	1	0	333
13984321687000	2	2	8.34927
13984321687000	2	1	-0.149824
13984321687000	2	0	-5.13487
13984399934000	1	2	-37
13984399934000	1	1	1
13984399934000	1	0	329
13984399934000	2	2	7.88618
13984399934000	2	1	-0.149824
13984399934000	2	0	-5.97933
13984477998000	1	2	-42
13984477998000	1	1	1
13984477998000	1	0	325
13984477998000	2	2	7.35499
13984477998000	2	1	-0.108963
13984477998000	2	0	-6.63311
13984556062000	1	2	-46
13984556062000	1	1	1
13984556062000	1	0	324
13984556062000	2	2	6.82379
13984556062000	2	1	-0.108963
13984556062000	2	0	-7.1643
13984635560000	1	2	-50
13984635560000	1	1	1
13984635560000	1	0	323
13984635560000	2	2	6.40156
13984635560000	2	1	-0.149824
13984635560000	2	0	-7.54567
13984722566000	1	2	-54
13984722566000	1	1	1
13984722566000	1	0	322
13984722566000	2	2	5.74779
13984722566000	2	1	-0.149824
13984722566000	2	0	-8.04963
13984800965000	1	2	-60
13984800965000	1	1	1
13984800965000	1	0	318
13984800965000	2	2	4.90333
13984800965000	2	1	-0.190685
13984800965000	2	0	-8.4991
13984879456000	1	2	-63
13984879456000	1	1	1
13984879456000	1	0	317
13984879456000	2	2	4.39937
13984879456000	2	1	-0.190685
13984879456000	2	0	-8.81236
13984957734000	1	2	-65
13984957734000	1	1	1
13984957734000	1	0	316
13984957734000	2	2	4.14059
13984957734000	2	1	-0.149824
13984957734000	2	0	-9.00305
13985036073000	1	2	-67
13985036073000	1	1	1
13985036073000	1	0	315
13985036073000	2	2	3.78646
13985036073000	2	1	-0.190685
13985036073000	2	0	-9.15287
13985122315000	1	2	-71
13985122315000	1	1	1
13985122315000	1	0	315
13985122315000	2	2	3.1463
13985122315000	2	1	-0.231546
13985122315000	2	0	-9.42528
13985200532000	1	2	-75
13985200532000	1	1	1
13985200532000	1	0	315
13985200532000	2	2	2.56063
13985200532000	2	1	-0.149824
13985200532000	2	0	-9.5751
13985278870000	1	2	-78
13985278870000	1	1	1
13985278870000	1	0	314
13985278870000	2	2	2.11115
13985278870000	2	1	-0.190685
13985278870000	2	0	-9.69769
13985357270000	2	2	2.07029
13985357270000	2	1	-0.190685
13985357270000	2	0	-9.69769
13985435426000	1	2	-80
13985435426000	1	1	1
13985435426000	1	0	314
13985435426000	2	2	1.64806
13985435426000	2	1	-0.190685
13985435426000	2	0	-9.76579
13985522950000	1	2	-83
13985522950000	1	1	1
13985522950000	1	0	314
13985522950000	2	2	1.22583
13985522950000	2	1	-0.190685
13985522950000	2	0	-9.80665
13985600892000	1	2	-84
13985600892000	1	1	1
13985600892000	1	0	313
13985600892000	2	2	1.07601
13985600892000	2	1	-0.231546
13985600892000	2	0	-9.80665
13985679536000	2	2	0.953424
13985679536000	2	1	-0.231546
13985679536000	2	0	-9.80665
13985757539000	1	2	-85
13985757539000	1	1	1
13985757539000	1	0	313
13985757539000	2	2	0.762739
13985757539000	2	1	-0.231546
13985757539000	2	0	-9.80665
13985920319000	2	2	0.885323
13985920319000	2	1	-0.231546
13985920319000	2	0	-9.84751
13985998689000	1	2	-84
13985998689000	1	1	1
13985998689000	1	0	313
13985998689000	2	2	0.912563
13985998689000	2	1	-0.231546
13985998689000	2	0	-9.80665
13986077149000	1	2	-85
13986077149000	1	1	1
13986077149000	1	0	313
13986077149000	2	2	0.762739
13986077149000	2	1	-0.190685
13986077149000	2	0	-9.80665
13986154725000	1	2	-83
13986154725000	1	1	1
13986154725000	1	0	313
13986154725000	2	2	1.22583
13986154725000	2	1	-0.231546
13986154725000	2	0	-9.80665
13986234467000	1	2	-81
13986234467000	1	1	1
13986234467000	1	0	313
13986234467000	2	2	1.56634
13986234467000	2	1	-0.190685
13986234467000	2	0	-9.72493
13986312714000	1	2	-76
13986312714000	1	1	1
13986312714000	1	0	313
13986312714000	2	2	2.3427
13986312714000	2	1	-0.149824
13986312714000	2	0	-9.61597
13986390809000	1	2	-70
13986390809000	1	1	1
13986390809000	1	0	313
13986390809000	2	2	3.29612
13986390809000	2	1	-0.231546
13986390809000	2	0	-9.27546
13986468690000	1	2	-64
13986468690000	1	1	1
13986468690000	1	0	313
13986468690000	2	2	4.39937
13986468690000	2	1	-0.190685
13986468690000	2	0	-8.85323
13986550294000	1	2	-58
13986550294000	1	1	1
13986550294000	1	0	313
13986550294000	2	2	5.20297
13986550294000	2	1	-0.149824
13986550294000	2	0	-8.39013
13986628816000	1	2	-53
13986628816000	1	1	1
13986628816000	1	0	313
13986628816000	2	2	5.97933
13986628816000	2	1	-0.149824
13986628816000	2	0	-7.92704
13986706818000	1	2	-49
13986706818000	1	1	1
13986706818000	1	0	313
13986706818000	2	2	6.46967
13986706818000	2	1	-0.149824
13986706818000	2	0	-7.43671
13986791474000	1	2	-42
13986791474000	1	1	1
13986791474000	1	0	314
13986791474000	2	2	7.35499
13986791474000	2	1	-0.149824
13986791474000	2	0	-6.63311
13986869416000	1	2	-36
13986869416000	1	1	1
13986869416000	1	0	318
13986869416000	2	2	8.04963
13986869416000	2	1	-0.149824
13986869416000	2	0	-5.78865
13986950318000	1	2	-30
13986950318000	1	1	1
13986950318000	1	0	322
13986950318000	2	2	8.4991
13986950318000	2	1	-0.108963
13986950318000	2	0	-4.94419
13987028535000	1	2	-24
13987028535000	1	1	0
13987028535000	1	0	326
13987028535000	2	2	9.11201
13987028535000	2	1	-0.0817221
13987028535000	2	0	-4.018
13987107056000	1	2	-21
13987107056000	1	1	1
13987107056000	1	0	327
13987107056000	2	2	9.19374
13987107056000	2	1	-0.108963
13987107056000	2	0	-3.52767
13987192780000	1	2	-17
13987192780000	1	1	1
13987192780000	1	0	332
13987192780000	2	2	9.34356
13987192780000	2	1	-0.0817221
13987192780000	2	0	-2.83303
13987274903000	1	2	-13
13987274903000	1	1	1
13987274903000	1	0	336
13987274903000	2	2	9.53424
13987274903000	2	1	-0.0817221
13987274903000	2	0	-2.15201
13987353486000	1	2	-8
13987353486000	1	1	0
13987353486000	1	0	341
13987353486000	2	2	9.61597
13987353486000	2	1	-0.040861
13987353486000	2	0	-1.33479
13987432099000	1	2	-4
13987432099000	1	1	0
13987432099000	1	0	345
13987432099000	2	2	9.76579
13987432099000	2	1	0
13987432099000	2	0	-0.721878
13987510651000	1	2	0
13987510651000	1	1	0
13987510651000	1	0	350
13987510651000	2	2	10.0382
13987510651000	2	1	0.040861
13987510651000	2	0	0
13987589021000	1	2	0
13987589021000	1	1	0
13987589021000	1	0	351
13987589021000	2	2	9.72493
13987589021000	2	1	0.040861
13987589021000	2	0	-0.040861
13987667481000	1	2	0
13987667481000	1	1	0
13987667481000	1	0	352
13987667481000	2	2	9.76579
13987667481000	2	1	0
13987667481000	2	0	-0.040861
13987745698000	1	2	0
13987745698000	1	1	0
13987745698000	1	0	353
13987745698000	2	2	9.72493
13987745698000	2	1	0
13987745698000	2	0	-0.040861
13987823945000	1	2	0
13987823945000	1	1	0
13987823945000	1	0	354
13987902345000	2	2	9.76579
13987902345000	2	1	0.040861
13987902345000	2	0	-0.040861
13988060212000	2	2	9.69769
13988060212000	2	1	0.040861
13988060212000	2	0	0
13988138795000	2	2	9.69769
13988138795000	2	1	0.040861
13988138795000	2	0	0.040861
13988224091000	1	2	1
13988224091000	1	1	0
13988224091000	1	0	354
13988224091000	2	2	9.76579
13988224091000	2	1	0.040861
13988224091000	2	0	0.0817221
13988302583000	2	2	9.76579
13988302583000	2	1	0.0817221
13988302583000	2	0	0.108963
13988381074000	1	2	1
13988381074000	1	1	0
13988381074000	1	0	355
13988381074000	2	2	9.99734
13988381074000	2	1	0.040861
13988381074000	2	0	0.190685
13988459565000	1	2	5
13988459565000	1	1	-1
13988459565000	1	0	356
13988459565000	2	2	9.53424
13988459565000	2	1	0.190685
13988459565000	2	0	0.8036
13988538087000	1	2	10
13988538087000	1	1	1
13988538087000	1	0	1
13988538087000	2	2	9.46614
13988538087000	2	1	-0.149824
13988538087000	2	0	1.6072
13988622681000	1	2	14
13988622681000	1	1	-1
13988622681000	1	0	6
13988622681000	2	2	9.34356
13988622681000	2	1	0.149824
13988622681000	2	0	2.36994
13988701173000	1	2	21
13988701173000	1	1	0
13988701173000	1	0	12
13988701173000	2	2	9.04391
13988701173000	2	1	0
13988701173000	2	0	3.44595
13988779664000	1	2	28
13988779664000	1	1	-1
13988779664000	1	0	18
13988779664000	2	2	8.24031
13988779664000	2	1	0.149824
13988779664000	2	0	4.39937
13988858155000	1	2	32
13988858155000	1	1	-1
13988858155000	1	0	24
13988858155000	2	2	8.15859
13988858155000	2	1	0.231546
13988858155000	2	0	5.09401
13988936524000	1	2	36
13988936524000	1	1	0
13988936524000	1	0	28
13988936524000	2	2	7.81808
13988936524000	2	1	0
13988936524000	2	0	5.6252
13989020509000	1	2	39
13989020509000	1	1	-1
13989020509000	1	0	29
13989020509000	2	2	7.54567
13989020509000	2	1	0.108963
13989020509000	2	0	6.21088
13989098878000	1	2	46
13989098878000	1	1	-1
13989098878000	1	0	34
13989098878000	2	2	6.74207
13989098878000	2	1	0.190685
13989098878000	2	0	6.97362
13989177400000	1	2	53
13989177400000	1	1	0
13989177400000	1	0	38
13989177400000	2	2	5.81589
13989177400000	2	1	0.0817221
13989177400000	2	0	7.58653
13989255677000	1	2	57
13989255677000	1	1	-1
13989255677000	1	0	39
13989255677000	2	2	5.2847
13989255677000	2	1	0.149824
13989255677000	2	0	8.07687
13989334107000	1	2	61
13989334107000	1	1	-1
13989334107000	1	0	40
13989334107000	2	2	4.8216
13989334107000	2	1	0.108963
13989334107000	2	0	8.53996
13989412782000	1	2	65
13989412782000	1	1	-1
13989412782000	1	0	41
13989412782000	2	2	4.09972
13989412782000	2	1	0.149824
13989412782000	2	0	8.81236
13989491578000	1	2	71
13989491578000	1	1	-1
13989491578000	1	0	42
13989491578000	2	2	3.25526
13989491578000	2	1	0.149824
13989491578000	2	0	9.2346
13989570191000	1	2	76
13989570191000	1	1	-1
13989570191000	1	0	43
13989570191000	2	2	2.4108
13989570191000	2	1	0.149824
13989570191000	2	0	9.38442
13989648927000	1	2	77
13989648927000	1	1	-1
13989648927000	1	0	44
13989648927000	2	2	2.26098
13989648927000	2	1	0.190685
13989648927000	2	0	9.46614
13989729371000	1	2	82
13989729371000	1	1	-1
13989729371000	1	0	45
13989729371000	2	2	1.30755
13989729371000	2	1	0.231546
13989729371000	2	0	9.61597
13989809235000	1	2	87
13989809235000	1	1	-1
13989809235000	1	0	46
13989809235000	2	2	0.463092
13989809235000	2	1	0.108963
13989809235000	2	0	9.80665
13989887818000	1	2	89
13989887818000	1	1	-1
13989887818000	1	0	47
13989887818000	2	2	0.231546
13989887818000	2	1	0.108963
13989887818000	2	0	9.84751
13989970368000	1	2	89
13989970368000	1	1	-179
13989970368000	1	0	47
13989970368000	2	2	-0.190685
13989970368000	2	1	0.108963
13989970368000	2	0	9.84751
13990049012000	1	2	83
13990049012000	1	1	-179
13990049012000	1	0	47
13990049012000	2	2	-1.14411
13990049012000	2	1	0.108963
13990049012000	2	0	9.88837
13990127931000	1	2	88
13990127931000	1	1	-180
13990127931000	1	0	47
13990127931000	2	2	-0.340509
13990127931000	2	1	0.0817221
13990127931000	2	0	9.88837
13990206513000	1	2	86
13990206513000	1	1	-179
13990206513000	1	0	48
13990206513000	2	2	-0.612916
13990206513000	2	1	0.108963
13990206513000	2	0	9.91561
13990284089000	1	2	86
13990284089000	1	1	-180
13990284089000	1	0	48
13990284089000	2	2	-0.653777
13990284089000	2	1	0.0817221
13990284089000	2	0	9.91561
13990362000000	2	2	-0.694638
13990362000000	2	1	0.0817221
13990362000000	2	0	9.91561
13990439851000	1	2	87
13990439851000	1	1	-179
13990439851000	1	0	48
13990439851000	2	2	-0.422231
13990439851000	2	1	0.108963
13990439851000	2	0	9.91561
13990517426000	1	2	84
13990517426000	1	1	-1
13990517426000	1	0	48
13990517426000	2	2	0.953424
13990517426000	2	1	0.149824
13990517426000	2	0	9.5751
13990595033000	1	2	77
13990595033000	1	1	-1
13990595033000	1	0	48
13990595033000	2	2	2.17926
13990595033000	2	1	0.190685
13990595033000	2	0	9.3027
13990673035000	1	2	67
13990673035000	1	1	-1
13990673035000	1	0	48
13990673035000	2	2	3.71835
13990673035000	2	1	0.231546
13990673035000	2	0	8.96219
13990752351000	1	2	58
13990752351000	1	1	-1
13990752351000	1	0	48
13990752351000	2	2	5.09401
13990752351000	2	1	0.149824
13990752351000	2	0	8.26755
13990830323000	1	2	52
13990830323000	1	1	0
13990830323000	1	0	47
13990830323000	2	2	6.04743
13990830323000	2	1	0.0817221
13990830323000	2	0	7.62739
13990910706000	1	2	47
13990910706000	1	1	-1
13990910706000	1	0	46
13990910706000	2	2	6.59225
13990910706000	2	1	0.108963
13990910706000	2	0	6.97362
13990988740000	1	2	40
13990988740000	1	1	-1
13990988740000	1	0	42
13990988740000	2	2	7.43671
13990988740000	2	1	0.149824
13990988740000	2	0	6.21088
13991066743000	1	2	35
13991066743000	1	1	0
13991066743000	1	0	41
13991066743000	2	2	7.92704
13991066743000	2	1	0.0817221
13991066743000	2	0	5.5571
13991151978000	1	2	30
13991151978000	1	1	-1
13991151978000	1	0	36
13991151978000	2	2	8.47186
13991151978000	2	1	0.108963
13991151978000	2	0	4.8216
13991231110000	1	2	25
13991231110000	1	1	-1
13991231110000	1	0	32
13991231110000	2	2	8.7715
13991231110000	2	1	0.108963
13991231110000	2	0	4.14059
13991309083000	1	2	21
13991309083000	1	1	-1
13991309083000	1	0	28
13991309083000	2	2	9.00305
13991309083000	2	1	0.108963
13991309083000	2	0	3.48681
13991387055000	1	2	18
13991387055000	1	1	-1
13991387055000	1	0	24
13991387055000	2	2	9.11201
13991387055000	2	1	0.108963
13991387055000	2	0	2.87389
13991465119000	1	2	13
13991465119000	1	1	0
13991465119000	1	0	19
13991465119000	2	2	9.34356
13991465119000	2	1	0.0817221
13991465119000	2	0	2.07029
13991549836000	1	2	7
13991549836000	1	1	-1
13991549836000	1	0	14
13991549836000	2	2	9.65683
13991549836000	2	1	0.149824
13991549836000	2	0	1.22583
13991628297000	1	2	2
13991628297000	1	1	-1
13991628297000	1	0	9
13991628297000	2	2	9.95647
13991628297000	2	1	0.108963
13991628297000	2	0	0.422231
13991706666000	1	2	2
13991706666000	1	1	0
13991706666000	1	0	5
13991706666000	2	2	9.72493
13991706666000	2	1	0.040861
13991706666000	2	0	0.272407
13991785218000	1	2	2
13991785218000	1	1	0
13991785218000	1	0	4
13991785218000	2	2	9.65683
13991785218000	2	1	0.0817221
13991785218000	2	0	0.299648
13991864930000	1	2	1
13991864930000	1	1	0
13991864930000	1	0	3
13991864930000	2	2	9.72493
13991864930000	2	1	0.0817221
13991864930000	2	0	0.190685
13991950013000	1	2	1
13991950013000	1	1	-1
13991950013000	1	0	2
13991950013000	2	2	9.72493
13991950013000	2	1	0.108963
13991950013000	2	0	0.108963
13992029847000	1	2	1
13992029847000	1	1	-1
13992029847000	1	0	1
13992029847000	2	2	9.69769
13992029847000	2	1	0.108963
13992029847000	2	0	0.108963
13992109742000	1	2	1
13992109742000	1	1	0
13992109742000	1	0	1
13992109742000	2	2	9.69769
13992109742000	2	1	0.040861
13992109742000	2	0	0.108963
13992189362000	1	2	0
13992189362000	1	1	0
13992189362000	1	0	0
13992189362000	2	2	9.76579
13992189362000	2	1	0
13992189362000	2	0	0
13992267579000	2	2	9.72493
13992267579000	2	1	0
13992267579000	2	0	0
13992352448000	2	2	9.69769
13992352448000	2	1	0
13992352448000	2	0	0
13992430909000	2	2	9.69769
13992430909000	2	1	0
13992430909000	2	0	-0.040861
13992509400000	2	2	9.72493
13992509400000	2	1	0
13992509400000	2	0	-0.040861
13992587586000	2	2	9.69769
13992587586000	2	1	-0.040861
13992587586000	2	0	0
13992666016000	2	2	9.72493
13992666016000	2	1	0
13992666016000	2	0	-0.0817221
13992752503000	2	2	9.69769
13992752503000	2	1	-0.040861
13992752503000	2	0	-0.040861
13992832002000	2	2	9.76579
13992832002000	2	1	-0.040861
13992832002000	2	0	-0.040861
13992911134000	1	2	0
13992911134000	1	1	1
13992911134000	1	0	0
13992911134000	2	2	9.99734
13992911134000	2	1	-0.231546
13992911134000	2	0	-0.040861
13992990937000	1	2	0
13992990937000	1	1	3
13992990937000	1	0	0
13992990937000	2	2	9.95647
13992990937000	2	1	-0.503953
13992990937000	2	0	-0.0817221
13993070680000	1	2	-2
13993070680000	1	1	7
13993070680000	1	0	359
13993070680000	2	2	9.69769
13993070680000	2	1	-1.14411
13993070680000	2	0	-0.272407
13993155396000	1	2	-2
13993155396000	1	1	12
13993155396000	1	0	359
13993155396000	2	2	9.38442
13993155396000	2	1	-1.92047
13993155396000	2	0	-0.38137
13993234986000	1	2	-3
13993234986000	1	1	16
13993234986000	1	0	359
13993234986000	2	2	9.19374
13993234986000	2	1	-2.56063
13993234986000	2	0	-0.463092
13993315064000	1	2	-3
13993315064000	1	1	19
13993315064000	1	0	359
13993315064000	2	2	9.19374
13993315064000	2	1	-3.1463
13993315064000	2	0	-0.503953
13993393708000	1	2	-1
13993393708000	1	1	23
13993393708000	1	0	359
13993393708000	2	2	9.00305
13993393708000	2	1	-3.75922
13993393708000	2	0	-0.231546
13993476533000	1	2	-1
13993476533000	1	1	27
13993476533000	1	0	359
13993476533000	2	2	8.68978
13993476533000	2	1	-4.39937
13993476533000	2	0	-0.108963
13993555421000	1	2	-2
13993555421000	1	1	33
13993555421000	1	0	359
13993555421000	2	2	8.26755
13993555421000	2	1	-5.32556
13993555421000	2	0	-0.313268
13993635316000	1	2	-2
13993635316000	1	1	40
13993635316000	1	0	359
13993635316000	2	2	7.46395
13993635316000	2	1	-6.21088
13993635316000	2	0	-0.313268
13993713837000	1	2	0
13993713837000	1	1	46
13993713837000	1	0	359
13993713837000	2	2	6.74207
13993713837000	2	1	-7.01448
13993713837000	2	0	-0.040861
13993792298000	1	2	1
13993792298000	1	1	52
13993792298000	1	0	359
13993792298000	2	2	6.04743
13993792298000	2	1	-7.6955
13993792298000	2	0	0.108963
13993870820000	1	2	0
13993870820000	1	1	57
13993870820000	1	0	359
13993870820000	2	2	5.32556
13993870820000	2	1	-8.24031
13993870820000	2	0	0.040861
13993954285000	1	2	0
13993954285000	1	1	63
13993954285000	1	0	359
13993954285000	2	2	4.44023
13993954285000	2	1	-8.73064
13993954285000	2	0	-0.040861
13994032594000	1	2	0
13994032594000	1	1	69
13994032594000	1	0	359
13994032594000	2	2	3.59577
13994032594000	2	1	-9.19374
13994032594000	2	0	-0.040861
13994110810000	1	2	1
13994110810000	1	1	73
13994110810000	1	0	359
13994110810000	2	2	2.83303
13994110810000	2	1	-9.49338
13994110810000	2	0	0.149824
13994189179000	1	2	0
13994189179000	1	1	78
13994189179000	1	0	359
13994189179000	2	2	2.07029
13994189179000	2	1	-9.69769
13994189179000	2	0	0.0817221
13994268128000	1	2	0
13994268128000	1	1	82
13994268128000	1	0	359
13994268128000	2	2	1.45738
13994268128000	2	1	-9.88837
13994268128000	2	0	0.0817221
13994350404000	1	2	0
13994350404000	1	1	85
13994350404000	1	0	359
13994350404000	2	2	0.885323
13994350404000	2	1	-9.95647
13994350404000	2	0	0.040861
13994428773000	1	2	1
13994428773000	1	1	88
13994428773000	1	0	359
13994428773000	2	2	0.190685
13994428773000	2	1	-10.0382
13994428773000	2	0	0.190685
13994507050000	1	2	1
13994507050000	1	1	93
13994507050000	1	0	359
13994507050000	2	2	-0.503953
13994507050000	2	1	-10.0382
13994507050000	2	0	0.231546
13994585389000	1	2	2
13994585389000	1	1	97
13994585389000	1	0	359
13994585389000	2	2	-1.22583
13994585389000	2	1	-10.0382
13994585389000	2	0	0.299648
13994665589000	1	2	1
13994665589000	1	1	99
13994665589000	1	0	359
13994665589000	2	2	-1.56634
13994665589000	2	1	-9.99734
13994665589000	2	0	0.149824
13994744202000	1	2	1
13994744202000	1	1	101
13994744202000	1	0	359
13994744202000	2	2	-1.94771
13994744202000	2	1	-9.91561
13994744202000	2	0	0.190685
13994822785000	1	2	1
13994822785000	1	1	103
13994822785000	1	0	359
13994822785000	2	2	-2.22012
13994822785000	2	1	-9.84751
13994822785000	2	0	0.231546
13994982941000	2	2	-2.26098
13994982941000	2	1	-9.84751
13994982941000	2	0	0.231546
13995061372000	2	2	-2.26098
13995061372000	2	1	-9.88837
13995061372000	2	0	0.190685
13995139588000	2	2	-2.22012
13995139588000	2	1	-9.84751
13995139588000	2	0	0.231546
13995217896000	1	2	1
13995217896000	1	1	102
13995217896000	1	0	359
13995217896000	2	2	-2.11115
13995217896000	2	1	-9.84751
13995217896000	2	0	0.231546
13995296540000	2	2	-2.02943
13995296540000	2	1	-9.88837
13995296540000	2	0	0.231546
13995378724000	1	2	1
13995378724000	1	1	101
13995378724000	1	0	359
13995378724000	2	2	-1.94771
13995378724000	2	1	-9.91561
13995378724000	2	0	0.149824
13995457124000	2	2	-1.92047
13995457124000	2	1	-9.95647
13995457124000	2	0	0.231546
13995535310000	1	2	1
13995535310000	1	1	100
13995535310000	1	0	359
13995535310000	2	2	-1.75702
13995535310000	2	1	-9.95647
13995535310000	2	0	0.190685
13995613770000	1	2	1
13995613770000	1	1	99
13995613770000	1	0	359
13995613770000	2	2	-1.49824
13995613770000	2	1	-9.99734
13995613770000	2	0	0.231546
13995691865000	1	2	1
13995691865000	1	1	96
13995691865000	1	0	359
13995691865000	2	2	-0.953424
13995691865000	2	1	-10.0791
13995691865000	2	0	0.231546
13995770661000	1	2	1
13995770661000	1	1	91
13995770661000	1	0	359
13995770661000	2	2	-0.0817221
13995770661000	2	1	-10.0382
13995770661000	2	0	0.149824
13995855866000	1	2	0
13995855866000	1	1	86
13995855866000	1	0	359
13995855866000	2	2	0.762739
13995855866000	2	1	-9.91561
13995855866000	2	0	0.040861
13995934480000	1	2	1
13995934480000	1	1	80
13995934480000	1	0	359
13995934480000	2	2	1.79789
13995934480000	2	1	-9.76579
13995934480000	2	0	0.190685
13996013062000	1	2	1
13996013062000	1	1	73
13996013062000	1	0	359
13996013062000	2	2	2.83303
13996013062000	2	1	-9.38442
13996013062000	2	0	0.190685
13996091279000	1	2	1
13996091279000	1	1	66
13996091279000	1	0	359
13996091279000	2	2	3.90904
13996091279000	2	1	-8.96219
13996091279000	2	0	0.190685
13996169709000	1	2	1
13996169709000	1	1	59
13996169709000	1	0	359
13996169709000	2	2	5.01229
13996169709000	2	1	-8.47186
13996169709000	2	0	0.108963
13996250459000	1	2	0
13996250459000	1	1	53
13996250459000	1	0	359
13996250459000	2	2	5.85675
13996250459000	2	1	-7.85894
13996250459000	2	0	0.040861
13996328919000	1	2	-1
13996328919000	1	1	47
13996328919000	1	0	359
13996328919000	2	2	6.55139
13996328919000	2	1	-7.08258
13996328919000	2	0	-0.149824
13996407044000	1	2	-1
13996407044000	1	1	40
13996407044000	1	0	359
13996407044000	2	2	7.39585
13996407044000	2	1	-6.23812
13996407044000	2	0	-0.108963
13996485352000	1	2	-2
13996485352000	1	1	33
13996485352000	1	0	359
13996485352000	2	2	8.26755
13996485352000	2	1	-5.2847
13996485352000	2	0	-0.272407
13996563874000	1	2	-3
13996563874000	1	1	26
13996563874000	1	0	359
13996563874000	2	2	8.7715
13996563874000	2	1	-4.33127
13996563874000	2	0	-0.503953
13996642304000	1	2	-3
13996642304000	1	1	20
13996642304000	1	0	359
13996642304000	2	2	9.2346
13996642304000	2	1	-3.40509
13996642304000	2	0	-0.463092
13996721345000	1	2	-3
13996721345000	1	1	16
13996721345000	1	0	359
13996721345000	2	2	9.46614
13996721345000	2	1	-2.64235
13996721345000	2	0	-0.463092
13996807191000	1	2	-2
13996807191000	1	1	11
13996807191000	1	0	359
13996807191000	2	2	9.5751
13996807191000	2	1	-1.92047
13996807191000	2	0	-0.38137
13996917146000	1	2	-2
13996917146000	1	1	6
13996917146000	1	0	359
13996917146000	2	2	9.72493
13996917146000	2	1	-0.994285
13996917146000	2	0	-0.313268
13996995942000	1	2	-1
13996995942000	1	1	2
13996995942000	1	0	359
13996995942000	2	2	9.91561
13996995942000	2	1	-0.422231
13996995942000	2	0	-0.190685
13997073945000	1	2	0
13997073945000	1	1	1
13997073945000	1	0	359
13997073945000	2	2	9.84751
13997073945000	2	1	-0.108963
13997073945000	2	0	-0.040861
13997157288000	1	2	0
13997157288000	1	1	0
13997157288000	1	0	359
13997157288000	2	2	9.76579
13997157288000	2	1	0
13997157288000	2	0	-0.040861
13997235719000	2	2	9.72493
13997235719000	2	1	0.040861
13997235719000	2	0	0
13997314423000	2	2	9.69769
13997314423000	2	1	0
13997314423000	2	0	0.040861
13997392945000	2	2	9.69769
13997392945000	2	1	0.040861
13997392945000	2	0	0
13997471894000	2	2	9.72493
13997471894000	2	1	0.040861
13997471894000	2	0	0
13997555238000	2	2	9.72493
13997555238000	2	1	0
13997555238000	2	0	0
13997633546000	2	2	9.72493
13997633546000	2	1	0.040861
13997633546000	2	0	-0.040861
13997712586000	2	2	9.69769
13997712586000	2	1	0
13997712586000	2	0	-0.040861
13997790955000	2	2	9.72493
13997790955000	2	1	0.040861
13997790955000	2	0	-0.040861
13997869294000	2	2	9.72493
13997869294000	2	1	0
13997869294000	2	0	0
13997947663000	2	2	9.72493
13997947663000	2	1	0.040861
13997947663000	2	0	0
13998026124000	2	2	9.72493
13998026124000	2	1	0
13998026124000	2	0	0
13998106660000	2	2	9.76579
13998106660000	2	1	0
13998106660000	2	0	-0.040861
13998184937000	2	2	9.69769
13998184937000	2	1	-0.040861
13998184937000	2	0	-0.040861
13998264710000	2	2	9.76579
13998264710000	2	1	0.040861
13998264710000	2	0	0.040861
13998343263000	1	2	1
13998343263000	1	1	0
13998343263000	1	0	359
13998343263000	2	2	9.76579
13998343263000	2	1	0.0817221
13998343263000	2	0	0.108963
13998421601000	1	2	1
13998421601000	1	1	-2
13998421601000	1	0	359
13998421601000	2	2	9.84751
13998421601000	2	1	0.272407
13998421601000	2	0	0.149824
13998500123000	1	2	0
13998500123000	1	1	-5
13998500123000	1	0	359
13998500123000	2	2	9.91561
13998500123000	2	1	0.926184
13998500123000	2	0	0.040861
13998582032000	1	2	0
13998582032000	1	1	-7
13998582032000	1	0	359
13998582032000	2	2	9.69769
13998582032000	2	1	1.26669
13998582032000	2	0	-0.0817221
13998660279000	1	2	0
13998660279000	1	1	-10
13998660279000	1	0	359
13998660279000	2	2	9.84751
13998660279000	2	1	1.75702
13998660279000	2	0	0
13998738587000	1	2	1
13998738587000	1	1	-15
13998738587000	1	0	359
13998738587000	2	2	9.49338
13998738587000	2	1	2.60149
13998738587000	2	0	0.0817221
13998817078000	1	2	0
13998817078000	1	1	-20
13998817078000	1	0	358
13998817078000	2	2	9.15287
13998817078000	2	1	3.33699
13998817078000	2	0	0
13998895478000	1	2	0
13998895478000	1	1	-24
13998895478000	1	0	357
13998895478000	2	2	9.04391
13998895478000	2	1	4.09972
13998895478000	2	0	0.040861
13998973939000	1	2	0
13998973939000	1	1	-31
13998973939000	1	0	353
13998973939000	2	2	8.47186
13998973939000	2	1	5.05315
13998973939000	2	0	-0.0817221
13999059663000	1	2	-1
13999059663000	1	1	-35
13999059663000	1	0	346
13999059663000	2	2	8.19945
13999059663000	2	1	5.82951
13999059663000	2	0	-0.108963
13999146333000	1	2	0
13999146333000	1	1	-43
13999146333000	1	0	292
13999146333000	2	2	7.1643
13999146333000	2	1	6.78293
13999146333000	2	0	-0.040861
13999224641000	1	2	0
13999224641000	1	1	-49
13999224641000	1	0	246
13999224641000	2	2	6.46967
13999224641000	2	1	7.54567
13999224641000	2	0	-0.0817221
13999309327000	1	2	-2
13999309327000	1	1	-55
13999309327000	1	0	222
13999309327000	2	2	5.70693
13999309327000	2	1	8.15859
13999309327000	2	0	-0.38137
13999387879000	1	2	-2
13999387879000	1	1	-61
13999387879000	1	0	207
13999387879000	2	2	4.7535
13999387879000	2	1	8.66254
13999387879000	2	0	-0.272407
13999466096000	1	2	-2
13999466096000	1	1	-65
13999466096000	1	0	199
13999466096000	2	2	4.20869
13999466096000	2	1	9.08477
13999466096000	2	0	-0.272407
13999544556000	1	2	-1
13999544556000	1	1	-70
13999544556000	1	0	193
13999544556000	2	2	3.44595
13999544556000	2	1	9.34356
13999544556000	2	0	-0.108963
13999623078000	1	2	-1
13999623078000	1	1	-73
13999623078000	1	0	192
13999623078000	2	2	2.91475
13999623078000	2	1	9.61597
13999623078000	2	0	-0.190685
13999701691000	1	2	-1
13999701691000	1	1	-77
13999701691000	1	0	191
13999701691000	2	2	2.3427
13999701691000	2	1	9.80665
13999701691000	2	0	-0.149824
13999785340000	1	2	0
13999785340000	1	1	-81
13999785340000	1	0	190
13999785340000	2	2	1.52548
13999785340000	2	1	9.95647
13999785340000	2	0	-0.040861
13999863465000	1	2	0
13999863465000	1	1	-85
13999863465000	1	0	189
13999863465000	2	2	0.8036
13999863465000	2	1	9.99734
13999863465000	2	0	0
13999945100000	1	2	0
13999945100000	1	1	-89
13999945100000	1	0	188
13999945100000	2	2	0.190685
13999945100000	2	1	10.0791
13999945100000	2	0	0.0817221
14000026765000	1	2	1
14000026765000	1	1	-92
14000026765000	1	0	187
14000026765000	2	2	-0.38137
14000026765000	2	1	10.0382
14000026765000	2	0	0.149824
14000108003000	1	2	1
14000108003000	1	1	-94
14000108003000	1	0	186
14000108003000	2	2	-0.653777
14000108003000	2	1	10.0382
14000108003000	2	0	0.108963
14000186799000	1	2	1
14000186799000	1	1	-93
14000186799000	1	0	185
14000186799000	2	2	-0.422231
14000186799000	2	1	9.99734
14000186799000	2	0	0.149824
14000265168000	1	2	1
14000265168000	1	1	-94
14000265168000	1	0	185
14000265168000	2	2	-0.612916
14000265168000	2	1	10.0382
14000265168000	2	0	0.149824
14000355561000	1	2	0
14000355561000	1	1	-94
14000355561000	1	0	185
14000355561000	2	2	-0.694638
14000355561000	2	1	10.0382
14000355561000	2	0	0.0817221
14000434174000	1	2	0
14000434174000	1	1	-93
14000434174000	1	0	185
14000434174000	2	2	-0.531194
14000434174000	2	1	9.99734
14000434174000	2	0	0.0817221
14000515168000	2	2	-0.503953
14000515168000	2	1	10.0382
14000515168000	2	0	0.0817221
14000595124000	1	2	1
14000595124000	1	1	-92
14000595124000	1	0	185
14000595124000	2	2	-0.422231
14000595124000	2	1	10.0382
14000595124000	2	0	0.108963
14000680177000	1	2	0
14000680177000	1	1	-92
14000680177000	1	0	185
14000680177000	2	2	-0.38137
14000680177000	2	1	10.0791
14000680177000	2	0	0
14000758607000	1	2	0
14000758607000	1	1	-89
14000758607000	1	0	185
14000758607000	2	2	0.231546
14000758607000	2	1	10.0791
14000758607000	2	0	0.040861
14000837373000	1	2	0
14000837373000	1	1	-83
14000837373000	1	0	185
14000837373000	2	2	1.22583
14000837373000	2	1	9.99734
14000837373000	2	0	-0.040861
14000915711000	1	2	-1
14000915711000	1	1	-81
14000915711000	1	0	185
14000915711000	2	2	1.64806
14000915711000	2	1	9.91561
14000915711000	2	0	-0.149824
14001001435000	1	2	-1
14001001435000	1	1	-77
14001001435000	1	0	185
14001001435000	2	2	2.22012
14001001435000	2	1	9.72493
14001001435000	2	0	-0.108963
14001084962000	1	2	-2
14001084962000	1	1	-70
14001084962000	1	0	185
14001084962000	2	2	3.44595
14001084962000	2	1	9.34356
14001084962000	2	0	-0.272407
14001163728000	1	2	0
14001163728000	1	1	-64
14001163728000	1	0	185
14001163728000	2	2	4.37213
14001163728000	2	1	8.92133
14001163728000	2	0	-0.0817221
14001250153000	1	2	-1
14001250153000	1	1	-59
14001250153000	1	0	186
14001250153000	2	2	5.05315
14001250153000	2	1	8.43099
14001250153000	2	0	-0.190685
14001330323000	1	2	0
14001330323000	1	1	-51
14001330323000	1	0	187
14001330323000	2	2	6.12916
14001330323000	2	1	7.50481
14001330323000	2	0	-0.0817221
14001412537000	1	2	0
14001412537000	1	1	-42
14001412537000	1	0	199
14001412537000	2	2	7.24603
14001412537000	2	1	6.44242
14001412537000	2	0	0
14001490937000	1	2	-1
14001490937000	1	1	-31
14001490937000	1	0	267
14001490937000	2	2	8.47186
14001490937000	2	1	5.09401
14001490937000	2	0	-0.231546
14001570680000	1	2	1
14001570680000	1	1	-20
14001570680000	1	0	311
14001570680000	2	2	9.38442
14001570680000	2	1	3.44595
14001570680000	2	0	0.149824
14001649781000	1	2	2
14001649781000	1	1	-11
14001649781000	1	0	334
14001649781000	2	2	9.88837
14001649781000	2	1	1.98857
14001649781000	2	0	0.272407
14001729157000	1	2	1
14001729157000	1	1	-6
14001729157000	1	0	346
14001729157000	2	2	9.95647
14001729157000	2	1	1.03515
14001729157000	2	0	0.190685
14001808930000	1	2	1
14001808930000	1	1	-1
14001808930000	1	0	352
14001808930000	2	2	9.88837
14001808930000	2	1	0.149824
14001808930000	2	0	0.190685
14001888245000	1	2	0
14001888245000	1	1	0
14001888245000	1	0	353
14001888245000	2	2	9.76579
14001888245000	2	1	-0.040861
14001888245000	2	0	0
14001966340000	1	2	0
14001966340000	1	1	0
14001966340000	1	0	354
14001966340000	2	2	9.76579
14001966340000	2	1	0
14001966340000	2	0	-0.040861
14002046113000	2	2	9.69769
14002046113000	2	1	0.040861
14002046113000	2	0	0
14002124482000	2	2	9.69769
14002124482000	2	1	-0.040861
14002124482000	2	0	0
14002203004000	2	2	9.72493
14002203004000	2	1	0
14002203004000	2	0	-0.040861
14002281648000	2	2	9.69769
14002281648000	2	1	-0.040861
14002281648000	2	0	0
14002361146000	2	2	9.69769
14002361146000	2	1	0
14002361146000	2	0	0
14002518708000	2	2	9.69769
14002518708000	2	1	0
14002518708000	2	0	-0.040861
14002597474000	2	2	9.72493
14002597474000	2	1	0
14002597474000	2	0	-0.040861
14002682465000	2	2	9.72493
14002682465000	2	1	0
14002682465000	2	0	0
14002760774000	2	2	9.69769
14002760774000	2	1	0
14002760774000	2	0	-0.040861
14002839845000	2	2	9.69769
14002839845000	2	1	-0.040861
14002839845000	2	0	-0.040861
14002918183000	2	2	9.72493
14002918183000	2	1	-0.040861
14002918183000	2	0	-0.040861
14002996400000	2	2	9.69769
14002996400000	2	1	0
14002996400000	2	0	-0.040861
14003080384000	2	2	9.69769
14003080384000	2	1	0.040861
14003080384000	2	0	-0.0817221
14003158814000	1	2	-1
14003158814000	1	1	-1
14003158814000	1	0	354
14003158814000	2	2	9.76579
14003158814000	2	1	0.149824
14003158814000	2	0	-0.108963
14003237183000	1	2	0
14003237183000	1	1	0
14003237183000	1	0	354
14003237183000	2	2	9.69769
14003237183000	2	1	-0.040861
14003237183000	2	0	-0.0817221
14003315583000	1	2	0
14003315583000	1	1	1
14003315583000	1	0	354
14003315583000	2	2	9.69769
14003315583000	2	1	-0.190685
14003315583000	2	0	0
14003393983000	1	2	0
14003393983000	1	1	-2
14003393983000	1	0	354
14003393983000	2	2	9.72493
14003393983000	2	1	0.340509
14003393983000	2	0	-0.040861
14003472901000	1	2	-1
14003472901000	1	1	-1
14003472901000	1	0	354
14003472901000	2	2	9.69769
14003472901000	2	1	0.190685
14003472901000	2	0	-0.231546
14003558686000	1	2	1
14003558686000	1	1	2
14003558686000	1	0	354
14003558686000	2	2	9.61597
14003558686000	2	1	-0.272407
14003558686000	2	0	0.149824
14003636628000	1	2	0
14003636628000	1	1	0
14003636628000	1	0	354
14003636628000	2	2	9.72493
14003636628000	2	1	0.040861
14003636628000	2	0	-0.040861
14003714845000	1	2	-1
14003714845000	1	1	0
14003714845000	1	0	354
14003714845000	2	2	9.72493
14003714845000	2	1	0
14003714845000	2	0	-0.108963
14003792817000	1	2	-1
14003792817000	1	1	-1
14003792817000	1	0	353
14003792817000	2	2	9.72493
14003792817000	2	1	0.149824
14003792817000	2	0	-0.149824
14003871400000	1	2	-1
14003871400000	1	1	0
14003871400000	1	0	352
14003871400000	2	2	9.69769
14003871400000	2	1	-0.040861
14003871400000	2	0	-0.108963
14003949799000	1	2	0
14003949799000	1	1	1
14003949799000	1	0	352
14003949799000	2	2	9.69769
14003949799000	2	1	-0.108963
14003949799000	2	0	-0.040861
14004028260000	1	2	0
14004028260000	1	1	0
14004028260000	1	0	352
14004028260000	2	2	9.65683
14004028260000	2	1	0
14004028260000	2	0	0.040861
14004106568000	1	2	-1
14004106568000	1	1	0
14004106568000	1	0	351
14004106568000	2	2	9.69769
14004106568000	2	1	0.040861
14004106568000	2	0	-0.190685
14004184937000	1	2	-1
14004184937000	1	1	0
14004184937000	1	0	350
14004184937000	2	2	9.72493
14004184937000	2	1	0.0817221
14004184937000	2	0	-0.108963
14004262879000	1	2	0
14004262879000	1	1	0
14004262879000	1	0	350
14004262879000	2	2	9.72493
14004262879000	2	1	0.040861
14004262879000	2	0	-0.0817221
14004340699000	2	2	9.76579
14004340699000	2	1	0.040861
14004340699000	2	0	-0.0817221
14004418855000	2	2	9.72493
14004418855000	2	1	0.040861
14004418855000	2	0	-0.0817221
14004497132000	2	2	9.69769
14004497132000	2	1	0.040861
14004497132000	2	0	-0.0817221
14004580354000	1	2	-1
14004580354000	1	1	0
14004580354000	1	0	350
14004580354000	2	2	9.69769
14004580354000	2	1	0.040861
14004580354000	2	0	-0.108963
14004659791000	1	2	0
14004659791000	1	1	0
14004659791000	1	0	350
14004659791000	2	2	9.76579
14004659791000	2	1	0.040861
14004659791000	2	0	-0.0817221
14004738252000	2	2	9.72493
14004738252000	2	1	0
14004738252000	2	0	-0.040861
14004816407000	2	2	9.69769
14004816407000	2	1	0.040861
14004816407000	2	0	-0.040861
14004894563000	2	2	9.72493
14004894563000	2	1	0.040861
14004894563000	2	0	-0.0817221
14004973603000	2	2	9.69769
14004973603000	2	1	0
14004973603000	2	0	-0.0817221
14005058900000	2	2	9.72493
14005058900000	2	1	0
14005058900000	2	0	-0.0817221
14005137483000	1	2	-1
14005137483000	1	1	1
14005137483000	1	0	350
14005137483000	2	2	9.69769
14005137483000	2	1	-0.0817221
14005137483000	2	0	-0.108963
14005215730000	1	2	-1
14005215730000	1	1	0
14005215730000	1	0	350
14005215730000	2	2	9.72493
14005215730000	2	1	0.0817221
14005215730000	2	0	-0.149824
14005294190000	1	2	-1
14005294190000	1	1	-2
14005294190000	1	0	350
14005294190000	2	2	9.65683
14005294190000	2	1	0.272407
14005294190000	2	0	-0.149824
14005372743000	1	2	0
14005372743000	1	1	0
14005372743000	1	0	350
14005372743000	2	2	9.76579
14005372743000	2	1	0.040861
14005372743000	2	0	-0.0817221
14005451264000	2	2	9.72493
14005451264000	2	1	0.0817221
14005451264000	2	0	-0.0817221
14005529847000	1	2	-1
14005529847000	1	1	1
14005529847000	1	0	350
14005529847000	2	2	9.72493
14005529847000	2	1	-0.190685
14005529847000	2	0	-0.108963
14005608247000	1	2	-1
14005608247000	1	1	-1
14005608247000	1	0	350
14005608247000	2	2	9.72493
14005608247000	2	1	0.190685
14005608247000	2	0	-0.149824
14005686646000	1	2	0
14005686646000	1	1	-1
14005686646000	1	0	350
14005686646000	2	2	9.72493
14005686646000	2	1	0.108963
14005686646000	2	0	-0.040861
14005765199000	1	2	0
14005765199000	1	1	1
14005765199000	1	0	351
14005765199000	2	2	9.72493
14005765199000	2	1	-0.108963
14005765199000	2	0	-0.0817221
14005856629000	1	2	0
14005856629000	1	1	0
14005856629000	1	0	352
14005856629000	2	2	9.72493
14005856629000	2	1	0
14005856629000	2	0	-0.0817221
14005935029000	1	2	0
14005935029000	1	1	0
14005935029000	1	0	353
14005935029000	2	2	9.76579
14005935029000	2	1	0
14005935029000	2	0	0
14006013368000	1	2	0
14006013368000	1	1	1
14006013368000	1	0	353
14006013368000	2	2	9.72493
14006013368000	2	1	-0.0817221
14006013368000	2	0	0
14006091859000	1	2	0
14006091859000	1	1	0
14006091859000	1	0	354
14006091859000	2	2	9.76579
14006091859000	2	1	0
14006091859000	2	0	-0.040861
14006170747000	1	2	0
14006170747000	1	1	1
14006170747000	1	0	354
14006170747000	2	2	9.72493
14006170747000	2	1	-0.0817221
14006170747000	2	0	0
14006249024000	1	2	0
14006249024000	1	1	0
14006249024000	1	0	354
14006249024000	2	2	9.72493
14006249024000	2	1	0
14006249024000	2	0	-0.040861
14006327454000	1	2	0
14006327454000	1	1	1
14006327454000	1	0	354
14006327454000	2	2	9.72493
14006327454000	2	1	-0.0817221
14006327454000	2	0	0
14006405732000	1	2	0
14006405732000	1	1	0
14006405732000	1	0	355
14006405732000	2	2	9.65683
14006405732000	2	1	0.040861
14006405732000	2	0	0.040861
14006484254000	1	2	1
14006484254000	1	1	0
14006484254000	1	0	355
14006484254000	2	2	9.69769
14006484254000	2	1	0.0817221
14006484254000	2	0	0.0817221
14006562562000	1	2	0
14006562562000	1	1	0
14006562562000	1	0	355
14006562562000	2	2	9.72493
14006562562000	2	1	0.040861
14006562562000	2	0	0.040861
14006640839000	2	2	9.72493
14006640839000	2	1	0
14006640839000	2	0	0
14006719209000	2	2	9.69769
14006719209000	2	1	0
14006719209000	2	0	0.040861
14006797425000	2	2	9.65683
14006797425000	2	1	0.040861
14006797425000	2	0	0.040861
14006880372000	1	2	1
14006880372000	1	1	0
14006880372000	1	0	355
14006880372000	2	2	9.69769
14006880372000	2	1	0.040861
14006880372000	2	0	0.0817221
14006958802000	2	2	9.65683
14006958802000	2	1	0.040861
14006958802000	2	0	0.0817221
14007037202000	1	2	0
14007037202000	1	1	0
14007037202000	1	0	355
14007037202000	2	2	9.72493
14007037202000	2	1	0
14007037202000	2	0	0.040861
14007115815000	2	2	9.65683
14007115815000	2	1	0
14007115815000	2	0	0.040861
14007194154000	2	2	9.69769
14007194154000	2	1	0.040861
14007194154000	2	0	0.040861
14007272645000	1	2	0
14007272645000	1	1	-1
14007272645000	1	0	355
14007272645000	2	2	9.72493
14007272645000	2	1	0.149824
14007272645000	2	0	0
14007352113000	1	2	0
14007352113000	1	1	-2
14007352113000	1	0	355
14007352113000	2	2	9.72493
14007352113000	2	1	0.313268
14007352113000	2	0	0.040861
14007430482000	1	2	0
14007430482000	1	1	-1
14007430482000	1	0	355
14007430482000	2	2	9.69769
14007430482000	2	1	0.231546
14007430482000	2	0	-0.040861
14007508942000	1	2	0
14007508942000	1	1	-2
14007508942000	1	0	355
14007508942000	2	2	9.69769
14007508942000	2	1	0.313268
14007508942000	2	0	0.040861
14007587159000	1	2	0
14007587159000	1	1	-1
14007587159000	1	0	355
14007587159000	2	2	9.80665
14007587159000	2	1	0.231546
14007587159000	2	0	-0.040861
14007665467000	1	2	0
14007665467000	1	1	-2
14007665467000	1	0	355
14007665467000	2	2	9.72493
14007665467000	2	1	0.340509
14007665467000	2	0	-0.040861
14007743836000	1	2	0
14007743836000	1	1	0
14007743836000	1	0	355
14007743836000	2	2	9.72493
14007743836000	2	1	-0.040861
14007743836000	2	0	-0.040861
14007822266000	1	2	-2
14007822266000	1	1	3
14007822266000	1	0	355
14007822266000	2	2	9.84751
14007822266000	2	1	-0.572055
14007822266000	2	0	-0.272407
14007900697000	1	2	-1
14007900697000	1	1	3
14007900697000	1	0	355
14007900697000	2	2	9.65683
14007900697000	2	1	-0.531194
14007900697000	2	0	-0.190685
14007984223000	1	2	-1
14007984223000	1	1	5
14007984223000	1	0	355
14007984223000	2	2	9.65683
14007984223000	2	1	-0.8036
14007984223000	2	0	-0.108963
14008062592000	1	2	0
14008062592000	1	1	1
14008062592000	1	0	355
14008062592000	2	2	9.72493
14008062592000	2	1	-0.231546
14008062592000	2	0	-0.040861
14008140778000	2	2	9.72493
14008140778000	2	1	-0.0817221
14008140778000	2	0	0
14008218995000	2	2	9.72493
14008218995000	2	1	-0.108963
14008218995000	2	0	-0.040861
14008297212000	2	2	9.72493
14008297212000	2	1	-0.0817221
14008297212000	2	0	0.040861
14008380372000	2	2	9.69769
14008380372000	2	1	-0.0817221
14008380372000	2	0	0
14008458619000	1	2	0
14008458619000	1	1	0
14008458619000	1	0	355
14008458619000	2	2	9.72493
14008458619000	2	1	0
14008458619000	2	0	0
14008539002000	2	2	9.69769
14008539002000	2	1	0
14008539002000	2	0	0
14008617402000	1	2	0
14008617402000	1	1	1
14008617402000	1	0	355
14008617402000	2	2	9.69769
14008617402000	2	1	-0.108963
14008617402000	2	0	0
14008695832000	1	2	0
14008695832000	1	1	3
14008695832000	1	0	355
14008695832000	2	2	9.69769
14008695832000	2	1	-0.422231
14008695832000	2	0	-0.0817221
14008774232000	2	2	9.65683
14008774232000	2	1	-0.531194
14008774232000	2	0	-0.040861
14008852570000	1	2	1
14008852570000	1	1	3
14008852570000	1	0	355
14008852570000	2	2	9.65683
14008852570000	2	1	-0.463092
14008852570000	2	0	0.0817221
14008930817000	1	2	0
14008930817000	1	1	6
14008930817000	1	0	355
14008930817000	2	2	9.69769
14008930817000	2	1	-0.994285
14008930817000	2	0	-0.0817221
14009009156000	1	2	0
14009009156000	1	1	1
14009009156000	1	0	355
14009009156000	2	2	9.72493
14009009156000	2	1	-0.149824
14009009156000	2	0	-0.0817221
14009087281000	1	2	1
14009087281000	1	1	-8
14009087281000	1	0	355
14009087281000	2	2	9.61597
14009087281000	2	1	1.41652
14009087281000	2	0	0.231546
14009165833000	1	2	-1
14009165833000	1	1	-4
14009165833000	1	0	355
14009165833000	2	2	9.69769
14009165833000	2	1	0.653777
14009165833000	2	0	-0.108963
14009245240000	1	2	1
14009245240000	1	1	-3
14009245240000	1	0	355
14009245240000	2	2	9.69769
14009245240000	2	1	0.531194
14009245240000	2	0	0.190685
14009323762000	1	2	0
14009323762000	1	1	-1
14009323762000	1	0	355
14009323762000	2	2	9.72493
14009323762000	2	1	0.108963
14009323762000	2	0	0.040861
14009402161000	1	2	0
14009402161000	1	1	0
14009402161000	1	0	355
14009402161000	2	2	9.72493
14009402161000	2	1	0
14009402161000	2	0	0.040861
14009485108000	2	2	9.65683
14009485108000	2	1	0
14009485108000	2	0	0
14009563508000	2	2	9.69769
14009563508000	2	1	0
14009563508000	2	0	0
14009642396000	2	2	9.69769
14009642396000	2	1	0
14009642396000	2	0	0.040861
14009720704000	2	2	9.69769
14009720704000	2	1	-0.040861
14009720704000	2	0	0
14009798951000	2	2	9.72493
14009798951000	2	1	0
14009798951000	2	0	0
14009958619000	2	2	9.76579
14009958619000	2	1	0
14009958619000	2	0	0
14010036897000	2	2	9.72493
14010036897000	2	1	0
14010036897000	2	0	0.040861
14010115418000	1	2	2
14010115418000	1	1	1
14010115418000	1	0	356
14010115418000	2	2	9.5751
14010115418000	2	1	-0.0817221
14010115418000	2	0	0.38137
14010198212000	1	2	9
14010198212000	1	1	1
14010198212000	1	0	0
14010198212000	2	2	9.53424
14010198212000	2	1	-0.0817221
14010198212000	2	0	1.49824
14010280549000	1	2	6
14010280549000	1	1	-1
14010280549000	1	0	0
14010280549000	2	2	9.61597
14010280549000	2	1	0.108963
14010280549000	2	0	0.953424
14010358888000	1	2	-7
14010358888000	1	1	0
14010358888000	1	0	356
14010358888000	2	2	9.69769
14010358888000	2	1	0
14010358888000	2	0	-1.11687
14010436707000	1	2	-15
14010436707000	1	1	1
14010436707000	1	0	350
14010436707000	2	2	9.72493
14010436707000	2	1	-0.108963
14010436707000	2	0	-2.64235
14010515168000	1	2	1
14010515168000	1	1	0
14010515168000	1	0	351
14010515168000	2	2	9.69769
14010515168000	2	1	0
14010515168000	2	0	0.0817221
14010593659000	1	2	0
14010593659000	1	1	0
14010593659000	1	0	352
14010593659000	2	2	9.69769
14010593659000	2	1	-0.040861
14010593659000	2	0	0
14010672456000	1	2	0
14010672456000	1	1	0
14010672456000	1	0	353
14010672456000	2	2	9.72493
14010672456000	2	1	-0.040861
14010672456000	2	0	-0.040861
14010750916000	2	2	9.69769
14010750916000	2	1	0.040861
14010750916000	2	0	-0.040861
14010829347000	1	2	0
14010829347000	1	1	0
14010829347000	1	0	354
14010829347000	2	2	9.72493
14010829347000	2	1	0.040861
14010829347000	2	0	0
14010907563000	2	2	9.69769
14010907563000	2	1	0
14010907563000	2	0	0
14010986298000	2	2	9.76579
14010986298000	2	1	0.040861
14010986298000	2	0	-0.040861
14011064729000	1	2	-2
14011064729000	1	1	0
14011064729000	1	0	354
14011064729000	2	2	9.72493
14011064729000	2	1	0.0817221
14011064729000	2	0	-0.38137
14011143189000	1	2	-5
14011143189000	1	1	0
14011143189000	1	0	354
14011143189000	2	2	9.80665
14011143189000	2	1	-0.0817221
14011143189000	2	0	-0.926184
14011221772000	1	2	-1
14011221772000	1	1	0
14011221772000	1	0	354
14011221772000	2	2	9.80665
14011221772000	2	1	0.040861
14011221772000	2	0	-0.190685
14011300263000	1	2	-9
14011300263000	1	1	1
14011300263000	1	0	353
14011300263000	2	2	9.61597
14011300263000	2	1	-0.149824
14011300263000	2	0	-1.45738
14011382539000	1	2	5
14011382539000	1	1	-1
14011382539000	1	0	357
14011382539000	2	2	9.69769
14011382539000	2	1	0.108963
14011382539000	2	0	0.762739
14011460847000	1	2	9
14011460847000	1	1	-2
14011460847000	1	0	1
14011460847000	2	2	9.65683
14011460847000	2	1	0.272407
14011460847000	2	0	1.52548
14011539185000	1	2	3
14011539185000	1	1	1
14011539185000	1	0	1
14011539185000	2	2	9.61597
14011539185000	2	1	-0.0817221
14011539185000	2	0	0.463092
14011617646000	1	2	2
14011617646000	1	1	0
14011617646000	1	0	1
14011617646000	2	2	9.65683
14011617646000	2	1	0.040861
14011617646000	2	0	0.272407
14011696046000	1	2	0
14011696046000	1	1	0
14011696046000	1	0	1
14011696046000	2	2	9.69769
14011696046000	2	1	0
14011696046000	2	0	0.040861
14011774415000	1	2	0
14011774415000	1	1	1
14011774415000	1	0	0
14011774415000	2	2	9.69769
14011774415000	2	1	-0.0817221
14011774415000	2	0	-0.040861
14011931031000	1	2	0
14011931031000	1	1	0
14011931031000	1	0	0
14011931031000	2	2	9.72493
14011931031000	2	1	-0.040861
14011931031000	2	0	-0.040861
14012009339000	1	2	1
14012009339000	1	1	0
14012009339000	1	0	0
14012009339000	2	2	9.49338
14012009339000	2	1	0.0817221
14012009339000	2	0	0.149824
14012087495000	1	2	0
14012087495000	1	1	0
14012087495000	1	0	0
14012087495000	2	2	9.69769
14012087495000	2	1	0
14012087495000	2	0	0
14012165833000	2	2	9.72493
14012165833000	2	1	-0.040861
14012165833000	2	0	-0.040861
14012322358000	2	2	9.69769
14012322358000	2	1	0
14012322358000	2	0	0
14012400605000	2	2	9.65683
14012400605000	2	1	-0.040861
14012400605000	2	0	0
14012482453000	2	2	9.72493
14012482453000	2	1	0.040861
14012482453000	2	0	-0.040861
14012575318000	2	2	9.76579
14012575318000	2	1	0
14012575318000	2	0	0
14012654389000	2	2	9.72493
14012654389000	2	1	-0.040861
14012654389000	2	0	-0.0817221
14012732453000	2	2	9.72493
14012732453000	2	1	-0.040861
14012732453000	2	0	-0.040861
14012810151000	2	2	9.69769
14012810151000	2	1	-0.040861
14012810151000	2	0	-0.040861
14012888368000	2	2	9.72493
14012888368000	2	1	0
14012888368000	2	0	-0.040861
14012966584000	2	2	9.69769
14012966584000	2	1	-0.040861
14012966584000	2	0	-0.040861
14013201447000	2	2	9.65683
14013201447000	2	1	0
14013201447000	2	0	-0.040861
14013282380000	2	2	9.72493
14013282380000	2	1	0
14013282380000	2	0	-0.040861
14013438935000	2	2	9.69769
14013438935000	2	1	0
14013438935000	2	0	0
14013517121000	2	2	9.69769
14013517121000	2	1	0
14013517121000	2	0	-0.040861
14013595429000	2	2	9.76579
14013595429000	2	1	-0.040861
14013595429000	2	0	-0.040861
14013673859000	2	2	9.72493
14013673859000	2	1	-0.040861
14013673859000	2	0	-0.040861
14013752442000	2	2	9.72493
14013752442000	2	1	0
14013752442000	2	0	0
14013830598000	2	2	9.69769
14013830598000	2	1	0
14013830598000	2	0	-0.040861
14013908967000	2	2	9.65683
14013908967000	2	1	0
14013908967000	2	0	-0.040861
14013989076000	2	2	9.65683
14013989076000	2	1	-0.040861
14013989076000	2	0	-0.040861
14014067323000	2	2	9.76579
14014067323000	2	1	-0.040861
14014067323000	2	0	-0.040861
14014146424000	2	2	9.69769
14014146424000	2	1	0
14014146424000	2	0	-0.040861
14014539033000	2	2	9.69769
14014539033000	2	1	0.040861
14014539033000	2	0	-0.040861
14014617493000	2	2	9.72493
14014617493000	2	1	0.040861
14014617493000	2	0	-0.040861
14014695710000	2	2	9.69769
14014695710000	2	1	0
14014695710000	2	0	-0.040861
14014774079000	2	2	9.69769
14014774079000	2	1	0.040861
14014774079000	2	0	-0.040861
14014852540000	2	2	9.72493
14014852540000	2	1	0
14014852540000	2	0	0
14014930848000	2	2	9.69769
14014930848000	2	1	0
14014930848000	2	0	-0.040861
14015009156000	2	2	9.72493
14015009156000	2	1	0
14015009156000	2	0	0
14015087464000	2	2	9.69769
14015087464000	2	1	0
14015087464000	2	0	-0.040861
14015165864000	2	2	9.69769
14015165864000	2	1	0.040861
14015165864000	2	0	-0.040861
14015244355000	2	2	9.72493
14015244355000	2	1	0
14015244355000	2	0	-0.040861
14015322663000	2	2	9.69769
14015322663000	2	1	0
14015322663000	2	0	0
14015400971000	2	2	9.72493
14015400971000	2	1	0
14015400971000	2	0	-0.040861
14015641236000	2	2	9.72493
14015641236000	2	1	0.040861
14015641236000	2	0	0
14015719575000	2	2	9.72493
14015719575000	2	1	0
14015719575000	2	0	-0.040861
14015797761000	2	2	9.72493
14015797761000	2	1	0
14015797761000	2	0	0.040861
14015876527000	2	2	9.69769
14015876527000	2	1	0
14015876527000	2	0	-0.040861
14015955079000	2	2	9.76579
14015955079000	2	1	0
14015955079000	2	0	-0.040861
14016033601000	2	2	9.72493
14016033601000	2	1	0.040861
14016033601000	2	0	-0.040861
14016112031000	2	2	9.72493
14016112031000	2	1	0
14016112031000	2	0	0
14016190644000	2	2	9.72493
14016190644000	2	1	0
14016190644000	2	0	-0.040861
14016268891000	2	2	9.72493
14016268891000	2	1	0
14016268891000	2	0	0
14016347382000	2	2	9.76579
14016347382000	2	1	0
14016347382000	2	0	-0.040861
14016425629000	2	2	9.72493
14016425629000	2	1	0
14016425629000	2	0	-0.040861
14016746796000	2	2	9.72493
14016746796000	2	1	0.040861
14016746796000	2	0	-0.040861
14016825135000	2	2	9.69769
14016825135000	2	1	0
14016825135000	2	0	-0.040861
14016903596000	2	2	9.72493
14016903596000	2	1	0.040861
14016903596000	2	0	-0.040861
14016990907000	2	2	9.72493
14016990907000	2	1	0
14016990907000	2	0	-0.040861
14017069093000	1	2	0
14017069093000	1	1	0
14017069093000	1	0	359
14017069093000	2	2	9.76579
14017069093000	2	1	0.040861
14017069093000	2	0	-0.040861
14017147614000	2	2	9.72493
14017147614000	2	1	0
14017147614000	2	0	-0.040861
14017225922000	2	2	9.61597
14017225922000	2	1	0
14017225922000	2	0	0
14017307618000	2	2	9.69769
14017307618000	2	1	-0.040861
14017307618000	2	0	-0.040861
14017391358000	2	2	9.69769
14017391358000	2	1	-0.040861
14017391358000	2	0	-0.0817221
14017469819000	2	2	9.69769
14017469819000	2	1	0.040861
14017469819000	2	0	-0.040861
14017548188000	2	2	9.69769
14017548188000	2	1	0
14017548188000	2	0	-0.040861
14017626496000	2	2	9.69769
14017626496000	2	1	-0.040861
14017626496000	2	0	-0.040861
14017704682000	2	2	9.72493
14017704682000	2	1	0.040861
14017704682000	2	0	0
14017790620000	2	2	9.72493
14017790620000	2	1	0.040861
14017790620000	2	0	-0.040861
14017868928000	2	2	9.72493
14017868928000	2	1	0
14017868928000	2	0	0
14017947266000	2	2	9.69769
14017947266000	2	1	0.040861
14017947266000	2	0	-0.040861
14018025208000	2	2	9.80665
14018025208000	2	1	-0.040861
14018025208000	2	0	0
14018103089000	2	2	9.72493
14018103089000	2	1	0.040861
14018103089000	2	0	0
14018188111000	2	2	9.72493
14018188111000	2	1	0
14018188111000	2	0	0
14018266450000	2	2	9.76579
14018266450000	2	1	0
14018266450000	2	0	-0.040861
14018344544000	2	2	9.72493
14018344544000	2	1	0.040861
14018344544000	2	0	-0.040861
14018422974000	2	2	9.65683
14018422974000	2	1	0
14018422974000	2	0	0
14018501252000	1	2	-1
14018501252000	1	1	0
14018501252000	1	0	359
14018501252000	2	2	9.76579
14018501252000	2	1	-0.040861
14018501252000	2	0	-0.149824
14018587037000	1	2	0
14018587037000	1	1	0
14018587037000	1	0	359
14018587037000	2	2	9.69769
14018587037000	2	1	0.0817221
14018587037000	2	0	0
14018665376000	2	2	9.76579
14018665376000	2	1	0.040861
14018665376000	2	0	-0.040861
14018744538000	2	2	9.72493
14018744538000	2	1	0
14018744538000	2	0	-0.040861
14018822938000	2	2	9.76579
14018822938000	2	1	0
14018822938000	2	0	-0.040861
14018901368000	2	2	9.72493
14018901368000	2	1	0
14018901368000	2	0	-0.040861
14018987183000	2	2	9.72493
14018987183000	2	1	0.040861
14018987183000	2	0	0
14019065339000	2	2	9.76579
14019065339000	2	1	0.040861
14019065339000	2	0	-0.040861
14019143678000	2	2	9.72493
14019143678000	2	1	0
14019143678000	2	0	-0.040861
14019222047000	2	2	9.72493
14019222047000	2	1	-0.040861
14019222047000	2	0	0
14019300233000	2	2	9.72493
14019300233000	2	1	-0.040861
14019300233000	2	0	-0.040861
14019378693000	2	2	9.72493
14019378693000	2	1	0
14019378693000	2	0	-0.040861
14019456971000	2	2	9.72493
14019456971000	2	1	0.040861
14019456971000	2	0	0
14019535157000	2	2	9.72493
14019535157000	2	1	0.040861
14019535157000	2	0	-0.040861
14019613648000	2	2	9.72493
14019613648000	2	1	0
14019613648000	2	0	0
14019691987000	2	2	9.69769
14019691987000	2	1	0
14019691987000	2	0	-0.040861
14019770295000	2	2	9.72493
14019770295000	2	1	0
14019770295000	2	0	-0.040861
14019848542000	2	2	9.69769
14019848542000	2	1	0
14019848542000	2	0	-0.040861
14019927033000	2	2	9.72493
14019927033000	2	1	-0.040861
14019927033000	2	0	-0.040861
14020005799000	2	2	9.72493
14020005799000	2	1	0
14020005799000	2	0	-0.040861
14020090913000	2	2	9.72493
14020090913000	2	1	0.040861
14020090913000	2	0	-0.0817221
14020169129000	2	2	9.69769
14020169129000	2	1	0.040861
14020169129000	2	0	0
14020247529000	2	2	9.72493
14020247529000	2	1	0
14020247529000	2	0	-0.040861
14020325776000	2	2	9.72493
14020325776000	2	1	0.040861
14020325776000	2	0	-0.040861
14020404267000	2	2	9.72493
14020404267000	2	1	0
14020404267000	2	0	-0.040861
14020490174000	2	2	9.69769
14020490174000	2	1	0.040861
14020490174000	2	0	-0.040861
14020568848000	2	2	9.72493
14020568848000	2	1	0
14020568848000	2	0	0
14020649598000	2	2	9.76579
14020649598000	2	1	0
14020649598000	2	0	-0.040861
14020969605000	2	2	9.69769
14020969605000	2	1	0
14020969605000	2	0	-0.040861
14021048066000	2	2	9.72493
14021048066000	2	1	-0.040861
14021048066000	2	0	-0.040861
14021126435000	2	2	9.69769
14021126435000	2	1	0
14021126435000	2	0	-0.040861
14021204652000	2	2	9.72493
14021204652000	2	1	0
14021204652000	2	0	-0.040861
14021290162000	2	2	9.76579
14021290162000	2	1	0
14021290162000	2	0	-0.040861
14021368653000	2	2	9.76579
14021368653000	2	1	0.040861
14021368653000	2	0	-0.040861
14021447022000	2	2	9.69769
14021447022000	2	1	0.040861
14021447022000	2	0	-0.040861
14021525208000	2	2	9.72493
14021525208000	2	1	0
14021525208000	2	0	-0.040861
14021603639000	2	2	9.72493
14021603639000	2	1	0.040861
14021603639000	2	0	-0.040861
14021688508000	2	2	9.72493
14021688508000	2	1	0
14021688508000	2	0	0
14021844483000	2	2	9.76579
14021844483000	2	1	0.040861
14021844483000	2	0	-0.040861
14021922822000	2	2	9.69769
14021922822000	2	1	0
14021922822000	2	0	-0.0817221
14022001557000	2	2	9.69769
14022001557000	2	1	-0.040861
14022001557000	2	0	-0.040861
14022079957000	2	2	9.72493
14022079957000	2	1	0
14022079957000	2	0	-0.040861
14022158784000	2	2	9.76579
14022158784000	2	1	0
14022158784000	2	0	-0.040861
14022237183000	2	2	9.69769
14022237183000	2	1	0
14022237183000	2	0	-0.040861
14022315583000	2	2	9.72493
14022315583000	2	1	0
14022315583000	2	0	-0.040861
14022628938000	1	2	1
14022628938000	1	1	-1
14022628938000	1	0	359
14022628938000	2	2	9.46614
14022628938000	2	1	0.108963
14022628938000	2	0	0.108963
14022707124000	1	2	1
14022707124000	1	1	3
14022707124000	1	0	359
14022707124000	2	2	10.1472
14022707124000	2	1	-0.531194
14022707124000	2	0	0.149824
14022793549000	1	2	-7
14022793549000	1	1	-5
14022793549000	1	0	354
14022793549000	2	2	10.8827
14022793549000	2	1	0.953424
14022793549000	2	0	-1.41652
14022872071000	1	2	-15
14022872071000	1	1	4
14022872071000	1	0	349
14022872071000	2	2	8.85323
14022872071000	2	1	-0.612916
14022872071000	2	0	-2.36994
14022950684000	1	2	-10
14022950684000	1	1	18
14022950684000	1	0	349
14022950684000	2	2	8.96219
14022950684000	2	1	-2.98286
14022950684000	2	0	-1.64806
14023029176000	1	2	-18
14023029176000	1	1	16
14023029176000	1	0	348
14023029176000	2	2	9.08477
14023029176000	2	1	-2.79217
14023029176000	2	0	-3.1463
14023107575000	1	2	-24
14023107575000	1	1	8
14023107575000	1	0	341
14023107575000	2	2	9.5751
14023107575000	2	1	-1.41652
14023107575000	2	0	-4.24955
14023193726000	1	2	-27
14023193726000	1	1	8
14023193726000	1	0	337
14023193726000	2	2	9.19374
14023193726000	2	1	-1.45738
14023193726000	2	0	-4.8216
14023272401000	1	2	-25
14023272401000	1	1	0
14023272401000	1	0	333
14023272401000	2	2	6.21088
14023272401000	2	1	0.040861
14023272401000	2	0	-2.91475
14023350861000	1	2	-30
14023350861000	1	1	0
14023350861000	1	0	318
14023350861000	2	2	7.92704
14023350861000	2	1	0.040861
14023350861000	2	0	-4.60368
14023429505000	1	2	-28
14023429505000	1	1	2
14023429505000	1	0	308
14023429505000	2	2	8.68978
14023429505000	2	1	-0.272407
14023429505000	2	0	-4.71264
14023507752000	1	2	-26
14023507752000	1	1	1
14023507752000	1	0	302
14023507752000	2	2	8.15859
14023507752000	2	1	-0.0817221
14023507752000	2	0	-4.05886
14023595246000	1	2	-23
14023595246000	1	1	7
14023595246000	1	0	298
14023595246000	2	2	10.8827
14023595246000	2	1	-1.45738
14023595246000	2	0	-4.60368
14023673737000	1	2	-12
14023673737000	1	1	7
14023673737000	1	0	298
14023673737000	2	2	9.46614
14023673737000	2	1	-1.11687
14023673737000	2	0	-1.94771
14023752198000	1	2	-15
14023752198000	1	1	9
14023752198000	1	0	302
14023752198000	2	2	9.80665
14023752198000	2	1	-1.56634
14023752198000	2	0	-2.64235
14023830567000	1	2	-10
14023830567000	1	1	12
14023830567000	1	0	303
14023830567000	2	2	8.85323
14023830567000	2	1	-1.87961
14023830567000	2	0	-1.64806
14023908875000	1	2	-12
14023908875000	1	1	10
14023908875000	1	0	310
14023908875000	2	2	8.88047
14023908875000	2	1	-1.52548
14023908875000	2	0	-1.87961
14023993836000	1	2	-8
14023993836000	1	1	5
14023993836000	1	0	315
14023993836000	2	2	9.84751
14023993836000	2	1	-0.953424
14023993836000	2	0	-1.30755
14024072205000	1	2	-6
14024072205000	1	1	-1
14024072205000	1	0	319
14024072205000	2	2	9.84751
14024072205000	2	1	0.149824
14024072205000	2	0	-1.03515
14024151917000	1	2	-1
14024151917000	1	1	0
14024151917000	1	0	318
14024151917000	2	2	9.95647
14024151917000	2	1	0.0817221
14024151917000	2	0	-0.190685
14024230225000	1	2	-3
14024230225000	1	1	0
14024230225000	1	0	317
14024230225000	2	2	9.34356
14024230225000	2	1	-0.040861
14024230225000	2	0	-0.463092
14024308564000	1	2	-1
14024308564000	1	1	0
14024308564000	1	0	313
14024308564000	2	2	9.95647
14024308564000	2	1	-0.0817221
14024308564000	2	0	-0.190685
14024394044000	1	2	0
14024394044000	1	1	0
14024394044000	1	0	313
14024394044000	2	2	9.76579
14024394044000	2	1	0.040861
14024394044000	2	0	-0.040861
14024472474000	2	2	9.72493
14024472474000	2	1	0.040861
14024472474000	2	0	-0.0817221
14024551820000	2	2	9.76579
14024551820000	2	1	0
14024551820000	2	0	-0.040861
14024630250000	2	2	9.72493
14024630250000	2	1	0.040861
14024630250000	2	0	0
14024708711000	1	2	0
14024708711000	1	1	0
14024708711000	1	0	314
14024708711000	2	2	9.76579
14024708711000	2	1	0
14024708711000	2	0	-0.0817221
14024794160000	1	2	0
14024794160000	1	1	0
14024794160000	1	0	315
14024794160000	2	2	9.76579
14024794160000	2	1	0
14024794160000	2	0	-0.040861
14024872681000	1	2	0
14024872681000	1	1	0
14024872681000	1	0	316
14024872681000	2	2	9.72493
14024872681000	2	1	0.040861
14024872681000	2	0	-0.040861
14024950990000	2	2	9.69769
14024950990000	2	1	0.040861
14024950990000	2	0	-0.040861
14025030702000	2	2	9.72493
14025030702000	2	1	0.040861
14025030702000	2	0	-0.040861
14025108918000	2	2	9.76579
14025108918000	2	1	0.040861
14025108918000	2	0	-0.0817221
14025194611000	2	2	9.76579
14025194611000	2	1	0
14025194611000	2	0	-0.0817221
14025272981000	2	2	9.72493
14025272981000	2	1	0.040861
14025272981000	2	0	-0.040861
14025351502000	2	2	9.69769
14025351502000	2	1	0.040861
14025351502000	2	0	-0.040861
14025429902000	2	2	9.69769
14025429902000	2	1	0
14025429902000	2	0	-0.040861
14025508210000	2	2	9.76579
14025508210000	2	1	0
14025508210000	2	0	-0.040861
14025594910000	1	2	0
14025594910000	1	1	0
14025594910000	1	0	320
14025594910000	2	2	9.69769
14025594910000	2	1	0.040861
14025594910000	2	0	-0.0817221
14025673341000	1	2	0
14025673341000	1	1	0
14025673341000	1	0	321
14025673341000	2	2	9.69769
14025673341000	2	1	0.040861
14025673341000	2	0	-0.040861
14025751771000	2	2	9.69769
14025751771000	2	1	0.040861
14025751771000	2	0	0
14025830140000	1	2	0
14025830140000	1	1	0
14025830140000	1	0	322
14025830140000	2	2	9.72493
14025830140000	2	1	0.0817221
14025830140000	2	0	-0.0817221
14025908509000	2	2	9.72493
14025908509000	2	1	0.040861
14025908509000	2	0	0
14025994874000	2	2	9.72493
14025994874000	2	1	0.040861
14025994874000	2	0	-0.040861
14026072846000	1	2	0
14026072846000	1	1	0
14026072846000	1	0	323
14026072846000	2	2	9.76579
14026072846000	2	1	0.040861
14026072846000	2	0	-0.040861
14026151032000	2	2	9.69769
14026151032000	2	1	0.040861
14026151032000	2	0	0
14026228944000	2	2	9.69769
14026228944000	2	1	0
14026228944000	2	0	-0.0817221
14026307160000	1	2	0
14026307160000	1	1	0
14026307160000	1	0	322
14026307160000	2	2	9.69769
14026307160000	2	1	0.040861
14026307160000	2	0	-0.040861
14026387971000	1	2	0
14026387971000	1	1	0
14026387971000	1	0	318
14026466157000	1	2	0
14026466157000	1	1	0
14026466157000	1	0	314
14026466157000	2	2	9.72493
14026466157000	2	1	0.040861
14026466157000	2	0	-0.040861
14026544526000	1	2	0
14026544526000	1	1	0
14026544526000	1	0	313
14026857636000	2	2	9.76579
14026857636000	2	1	0
14026857636000	2	0	-0.0817221
14026936097000	2	2	9.72493
14026936097000	2	1	0.040861
14026936097000	2	0	-0.040861
14027014344000	1	2	0
14027014344000	1	1	0
14027014344000	1	0	314
14027014344000	2	2	9.72493
14027014344000	2	1	0.0817221
14027014344000	2	0	-0.040861
14027092622000	1	2	0
14027092622000	1	1	0
14027092622000	1	0	315
14027170777000	2	2	9.72493
14027170777000	2	1	0.040861
14027170777000	2	0	-0.040861
14027248872000	2	2	9.72493
14027248872000	2	1	0.040861
14027248872000	2	0	-0.0817221
14027327241000	2	2	9.69769
14027327241000	2	1	0
14027327241000	2	0	-0.040861
14027406281000	2	2	9.69769
14027406281000	2	1	0.040861
14027406281000	2	0	-0.040861
14027489991000	1	2	0
14027489991000	1	1	0
14027489991000	1	0	316
14027568665000	2	2	9.69769
14027568665000	2	1	0.040861
14027568665000	2	0	-0.0817221
14027647004000	2	2	9.76579
14027647004000	2	1	0
14027647004000	2	0	0
14027725404000	2	2	9.69769
14027725404000	2	1	0.040861
14027725404000	2	0	-0.040861
14027807313000	1	2	0
14027807313000	1	1	0
14027807313000	1	0	317
14027807313000	2	2	9.72493
14027807313000	2	1	0.040861
14027807313000	2	0	-0.0817221
14027894379000	1	2	0
14027894379000	1	1	0
14027894379000	1	0	318
14027894379000	2	2	9.69769
14027894379000	2	1	0.040861
14027894379000	2	0	0
14027972749000	1	2	0
14027972749000	1	1	0
14027972749000	1	0	319
14027972749000	2	2	9.72493
14027972749000	2	1	0
14027972749000	2	0	-0.040861
14028050935000	2	2	9.69769
14028050935000	2	1	0.040861
14028050935000	2	0	-0.0817221
14028129182000	2	2	9.69769
14028129182000	2	1	0
14028129182000	2	0	-0.040861
14028208192000	2	2	9.72493
14028208192000	2	1	0.040861
14028208192000	2	0	-0.040861
14028450440000	1	2	0
14028450440000	1	1	0
14028450440000	1	0	318
14028450440000	2	2	9.72493
14028450440000	2	1	0.040861
14028450440000	2	0	0
14028528687000	1	2	0
14028528687000	1	1	0
14028528687000	1	0	317
14028528687000	2	2	9.72493
14028528687000	2	1	0.040861
14028528687000	2	0	-0.040861
14028606995000	1	2	0
14028606995000	1	1	0
14028606995000	1	0	316
14028606995000	2	2	9.72493
14028606995000	2	1	0.0817221
14028606995000	2	0	-0.040861
14028692445000	1	2	0
14028692445000	1	1	0
14028692445000	1	0	315
14028692445000	2	2	9.72493
14028692445000	2	1	0.040861
14028692445000	2	0	-0.040861
14028770875000	1	2	0
14028770875000	1	1	0
14028770875000	1	0	314
14028770875000	2	2	9.72493
14028770875000	2	1	0.040861
14028770875000	2	0	-0.0817221
14028849000000	2	2	9.76579
14028849000000	2	1	0.040861
14028849000000	2	0	-0.040861
14029006287000	1	2	0
14029006287000	1	1	0
14029006287000	1	0	315
14029006287000	2	2	9.72493
14029006287000	2	1	0.040861
14029006287000	2	0	0
14029090363000	1	2	0
14029090363000	1	1	0
14029090363000	1	0	319
14029090363000	2	2	9.69769
14029090363000	2	1	0.040861
14029090363000	2	0	0
14029168671000	1	2	0
14029168671000	1	1	0
14029168671000	1	0	320
14029247041000	1	2	0
14029247041000	1	1	0
14029247041000	1	0	321
14029247041000	2	2	9.72493
14029247041000	2	1	0
14029247041000	2	0	-0.040861
14029406800000	2	2	9.72493
14029406800000	2	1	0.040861
14029406800000	2	0	-0.040861
14029490327000	2	2	9.72493
14029490327000	2	1	0.040861
14029490327000	2	0	0
14029568543000	2	2	9.72493
14029568543000	2	1	0.040861
14029568543000	2	0	-0.040861
14029646851000	2	2	9.72493
14029646851000	2	1	0.0817221
14029646851000	2	0	-0.0817221
14029726960000	2	2	9.72493
14029726960000	2	1	0.040861
14029726960000	2	0	-0.040861
14029805238000	1	2	0
14029805238000	1	1	0
14029805238000	1	0	320
14029805238000	2	2	9.69769
14029805238000	2	1	0
14029805238000	2	0	-0.040861
14029890382000	1	2	0
14029890382000	1	1	0
14029890382000	1	0	319
14029890382000	2	2	9.76579
14029890382000	2	1	0.040861
14029890382000	2	0	-0.040861
14029968659000	1	2	0
14029968659000	1	1	0
14029968659000	1	0	318
14029968659000	2	2	9.69769
14029968659000	2	1	0.040861
14029968659000	2	0	0
14030046967000	1	2	0
14030046967000	1	1	0
14030046967000	1	0	317
14030046967000	2	2	9.72493
14030046967000	2	1	0.040861
14030046967000	2	0	-0.040861
14030125825000	1	2	0
14030125825000	1	1	0
14030125825000	1	0	316
14030125825000	2	2	9.69769
14030125825000	2	1	0.040861
14030125825000	2	0	0
14030204469000	1	2	0
14030204469000	1	1	0
14030204469000	1	0	315
14030204469000	2	2	9.72493
14030204469000	2	1	0.040861
14030204469000	2	0	-0.040861
14030282838000	2	2	9.72493
14030282838000	2	1	0
14030282838000	2	0	-0.040861
14030361359000	2	2	9.69769
14030361359000	2	1	0.040861
14030361359000	2	0	-0.040861
14030439607000	2	2	9.72493
14030439607000	2	1	0.0817221
14030439607000	2	0	0
14030518037000	2	2	9.72493
14030518037000	2	1	0.040861
14030518037000	2	0	0
14030597596000	2	2	9.72493
14030597596000	2	1	0
14030597596000	2	0	-0.040861
14030675935000	1	2	0
14030675935000	1	1	0
14030675935000	1	0	316
14030675935000	2	2	9.72493
14030675935000	2	1	0.040861
14030675935000	2	0	-0.040861
14030754182000	2	2	9.72493
14030754182000	2	1	0.0817221
14030754182000	2	0	-0.040861
14030832459000	2	2	9.76579
14030832459000	2	1	0
14030832459000	2	0	0
14030910096000	2	2	9.76579
14030910096000	2	1	0.040861
14030910096000	2	0	0
14030994721000	2	2	9.72493
14030994721000	2	1	0.040861
14030994721000	2	0	-0.040861
14031072968000	2	2	9.72493
14031072968000	2	1	0.040861
14031072968000	2	0	0
14031308228000	2	2	9.72493
14031308228000	2	1	0
14031308228000	2	0	-0.040861
14031392487000	2	2	9.69769
14031392487000	2	1	0.040861
14031392487000	2	0	0
14031472077000	2	2	9.72493
14031472077000	2	1	0.040861
14031472077000	2	0	0
14031550477000	1	2	0
14031550477000	1	1	0
14031550477000	1	0	317
14031550477000	2	2	9.69769
14031550477000	2	1	0.040861
14031550477000	2	0	-0.040861
14031628785000	1	2	0
14031628785000	1	1	0
14031628785000	1	0	318
14031628785000	2	2	9.76579
14031628785000	2	1	0
14031628785000	2	0	-0.040861
14031707063000	1	2	0
14031707063000	1	1	0
14031707063000	1	0	319
14031707063000	2	2	9.72493
14031707063000	2	1	0.040861
14031707063000	2	0	0
14031790376000	1	2	0
14031790376000	1	1	0
14031790376000	1	0	320
14031790376000	2	2	9.72493
14031790376000	2	1	0.040861
14031790376000	2	0	-0.040861
14031869019000	1	2	0
14031869019000	1	1	0
14031869019000	1	0	321
14031869019000	2	2	9.69769
14031869019000	2	1	0.040861
14031869019000	2	0	-0.040861
14031947694000	2	2	9.72493
14031947694000	2	1	0.040861
14031947694000	2	0	0
14032104249000	1	2	0
14032104249000	1	1	0
14032104249000	1	0	320
14032104249000	2	2	9.72493
14032104249000	2	1	0
14032104249000	2	0	-0.040861
14032182862000	1	2	0
14032182862000	1	1	0
14032182862000	1	0	319
14032182862000	2	2	9.72493
14032182862000	2	1	0.040861
14032182862000	2	0	-0.040861
14032261536000	2	2	9.72493
14032261536000	2	1	0.040861
14032261536000	2	0	0
14032344331000	1	2	0
14032344331000	1	1	0
14032344331000	1	0	318
14032344331000	2	2	9.76579
14032344331000	2	1	0.0817221
14032344331000	2	0	-0.040861
14032422700000	1	2	0
14032422700000	1	1	0
14032422700000	1	0	317
14032422700000	2	2	9.72493
14032422700000	2	1	0.040861
14032422700000	2	0	0
14032501008000	2	2	9.76579
14032501008000	2	1	0.040861
14032501008000	2	0	-0.040861
14032579377000	2	2	9.72493
14032579377000	2	1	0.040861
14032579377000	2	0	-0.040861
14032744233000	1	2	0
14032744233000	1	1	0
14032744233000	1	0	318
14032744233000	2	2	9.72493
14032744233000	2	1	0
14032744233000	2	0	0
14032822236000	2	2	9.72493
14032822236000	2	1	0.040861
14032822236000	2	0	-0.040861
14032900208000	1	2	0
14032900208000	1	1	0
14032900208000	1	0	319
14032900208000	2	2	9.69769
14032900208000	2	1	0.040861
14032900208000	2	0	-0.040861
14032978577000	2	2	9.69769
14032978577000	2	1	0
14032978577000	2	0	0
14033056977000	2	2	9.69769
14033056977000	2	1	0.040861
14033056977000	2	0	-0.040861
14033135163000	2	2	9.72493
14033135163000	2	1	0.040861
14033135163000	2	0	-0.040861
14033295136000	2	2	9.72493
14033295136000	2	1	0
14033295136000	2	0	0
14033373475000	2	2	9.69769
14033373475000	2	1	0
14033373475000	2	0	-0.040861
14033451966000	1	2	0
14033451966000	1	1	0
14033451966000	1	0	318
14033451966000	2	2	9.72493
14033451966000	2	1	0
14033451966000	2	0	0
14033530305000	2	2	9.69769
14033530305000	2	1	0
14033530305000	2	0	0
14033608582000	2	2	9.72493
14033608582000	2	1	0
14033608582000	2	0	-0.040861
14033690400000	2	2	9.69769
14033690400000	2	1	0.040861
14033690400000	2	0	-0.040861
14033768525000	2	2	9.69769
14033768525000	2	1	0
14033768525000	2	0	0
14033846894000	1	2	0
14033846894000	1	1	0
14033846894000	1	0	319
14033846894000	2	2	9.72493
14033846894000	2	1	0.040861
14033846894000	2	0	0
14033925263000	2	2	9.69769
14033925263000	2	1	0
14033925263000	2	0	-0.040861
14034003693000	2	2	9.69769
14034003693000	2	1	0.040861
14034003693000	2	0	0
14034081971000	2	2	9.72493
14034081971000	2	1	0.040861
14034081971000	2	0	0
14034161927000	2	2	9.69769
14034161927000	2	1	0
14034161927000	2	0	0
14034240449000	1	2	0
14034240449000	1	1	0
14034240449000	1	0	320
14034240449000	2	2	9.72493
14034240449000	2	1	0.040861
14034240449000	2	0	-0.0817221
14034318574000	2	2	9.72493
14034318574000	2	1	0.040861
14034318574000	2	0	-0.040861
14034397126000	2	2	9.65683
14034397126000	2	1	0.040861
14034397126000	2	0	0
14034476319000	2	2	9.65683
14034476319000	2	1	0
14034476319000	2	0	-0.040861
14034555268000	2	2	9.72493
14034555268000	2	1	0
14034555268000	2	0	0
14034633668000	1	2	0
14034633668000	1	1	0
14034633668000	1	0	319
14034633668000	2	2	9.72493
14034633668000	2	1	0.040861
14034633668000	2	0	-0.040861
14034712098000	1	2	0
14034712098000	1	1	0
14034712098000	1	0	318
14034712098000	2	2	9.72493
14034712098000	2	1	0
14034712098000	2	0	-0.040861
14034795014000	2	2	9.69769
14034795014000	2	1	0
14034795014000	2	0	-0.040861
14034873780000	1	2	-1
14034873780000	1	1	0
14034873780000	1	0	317
14034873780000	2	2	9.69769
14034873780000	2	1	0.040861
14034873780000	2	0	-0.149824
14034952210000	1	2	1
14034952210000	1	1	0
14034952210000	1	0	312
14034952210000	2	2	9.69769
14034952210000	2	1	-0.040861
14034952210000	2	0	0.190685
14035030640000	1	2	-2
14035030640000	1	1	-2
14035030640000	1	0	311
14035030640000	2	2	9.76579
14035030640000	2	1	0.38137
14035030640000	2	0	-0.340509
14035109223000	1	2	-5
14035109223000	1	1	2
14035109223000	1	0	291
14035109223000	2	2	9.69769
14035109223000	2	1	-0.272407
14035109223000	2	0	-0.885323
14035197968000	1	2	-2
14035197968000	1	1	-1
14035197968000	1	0	273
14035197968000	2	2	9.65683
14035197968000	2	1	0.108963
14035197968000	2	0	-0.313268
14035276368000	1	2	-2
14035276368000	1	1	-1
14035276368000	1	0	258
14035276368000	2	2	9.76579
14035276368000	2	1	0.149824
14035276368000	2	0	-0.272407
14035355683000	1	2	-1
14035355683000	1	1	0
14035355683000	1	0	246
14035355683000	2	2	9.72493
14035355683000	2	1	0
14035355683000	2	0	-0.149824
14035433991000	1	2	-1
14035433991000	1	1	0
14035433991000	1	0	238
14035433991000	2	2	9.72493
14035433991000	2	1	0.0817221
14035433991000	2	0	-0.149824
14035512605000	1	2	-1
14035512605000	1	1	0
14035512605000	1	0	233
14035512605000	2	2	9.76579
14035512605000	2	1	0.0817221
14035512605000	2	0	-0.108963
14035595368000	1	2	-1
14035595368000	1	1	0
14035595368000	1	0	229
14035595368000	2	2	9.72493
14035595368000	2	1	0.040861
14035595368000	2	0	-0.149824
14035674622000	1	2	-1
14035674622000	1	1	0
14035674622000	1	0	228
14035674622000	2	2	9.72493
14035674622000	2	1	0.040861
14035674622000	2	0	-0.108963
14035755189000	1	2	0
14035755189000	1	1	0
14035755189000	1	0	227
14035755189000	2	2	9.65683
14035755189000	2	1	0.0817221
14035755189000	2	0	-0.040861
14035833650000	1	2	0
14035833650000	1	1	0
14035833650000	1	0	226
14035833650000	2	2	9.72493
14035833650000	2	1	0.040861
14035833650000	2	0	-0.0817221
14035912202000	1	2	0
14035912202000	1	1	-1
14035912202000	1	0	225
14035912202000	2	2	9.72493
14035912202000	2	1	0.108963
14035912202000	2	0	-0.0817221
14035995576000	1	2	0
14035995576000	1	1	0
14035995576000	1	0	224
14035995576000	2	2	9.69769
14035995576000	2	1	0.0817221
14035995576000	2	0	-0.0817221
14036074555000	1	2	0
14036074555000	1	1	-1
14036074555000	1	0	224
14036074555000	2	2	9.69769
14036074555000	2	1	0.108963
14036074555000	2	0	-0.040861
14036153108000	1	2	0
14036153108000	1	1	0
14036153108000	1	0	224
14036153108000	2	2	9.69769
14036153108000	2	1	0.040861
14036153108000	2	0	-0.040861
14036231324000	1	2	-1
14036231324000	1	1	0
14036231324000	1	0	223
14036231324000	2	2	9.76579
14036231324000	2	1	0.040861
14036231324000	2	0	-0.108963
14036309541000	1	2	0
14036309541000	1	1	0
14036309541000	1	0	222
14036309541000	2	2	9.72493
14036309541000	2	1	0.0817221
14036309541000	2	0	-0.040861
14036392579000	1	2	-1
14036392579000	1	1	0
14036392579000	1	0	222
14036392579000	2	2	9.76579
14036392579000	2	1	0.040861
14036392579000	2	0	-0.108963
14036470796000	1	2	0
14036470796000	1	1	-1
14036470796000	1	0	222
14036470796000	2	2	9.76579
14036470796000	2	1	0.108963
14036470796000	2	0	-0.0817221
14036549226000	1	2	0
14036549226000	1	1	0
14036549226000	1	0	222
14036549226000	2	2	9.72493
14036549226000	2	1	0.0817221
14036549226000	2	0	-0.040861
14036627473000	1	2	0
14036627473000	1	1	-1
14036627473000	1	0	222
14036627473000	2	2	9.76579
14036627473000	2	1	0.108963
14036627473000	2	0	-0.0817221
14036705903000	1	2	-1
14036705903000	1	1	0
14036705903000	1	0	222
14036705903000	2	2	9.72493
14036705903000	2	1	0.040861
14036705903000	2	0	-0.108963
14036784882000	1	2	0
14036784882000	1	1	0
14036784882000	1	0	222
14036784882000	2	2	9.72493
14036784882000	2	1	0.0817221
14036784882000	2	0	-0.0817221
14036863496000	2	2	9.72493
14036863496000	2	1	0.0817221
14036863496000	2	0	-0.040861
14037019929000	2	2	9.72493
14037019929000	2	1	0.040861
14037019929000	2	0	-0.040861
14037098328000	2	2	9.72493
14037098328000	2	1	0.040861
14037098328000	2	0	-0.0817221
14037177522000	2	2	9.72493
14037177522000	2	1	0.0817221
14037177522000	2	0	-0.040861
14037255860000	2	2	9.69769
14037255860000	2	1	0.0817221
14037255860000	2	0	-0.040861
14037334260000	2	2	9.69769
14037334260000	2	1	0.040861
14037334260000	2	0	-0.0817221
14037413117000	2	2	9.72493
14037413117000	2	1	0.0817221
14037413117000	2	0	-0.040861
14037494904000	2	2	9.76579
14037494904000	2	1	0.040861
14037494904000	2	0	-0.040861
14037573487000	1	2	0
14037573487000	1	1	-1
14037573487000	1	0	222
14037573487000	2	2	9.72493
14037573487000	2	1	0.108963
14037573487000	2	0	-0.0817221
14037651917000	1	2	0
14037651917000	1	1	0
14037651917000	1	0	222
14037651917000	2	2	9.65683
14037651917000	2	1	0.040861
14037651917000	2	0	-0.0817221
14037730256000	2	2	9.72493
14037730256000	2	1	0.040861
14037730256000	2	0	-0.0817221
14037808991000	2	2	9.69769
14037808991000	2	1	0.0817221
14037808991000	2	0	-0.0817221
14037890260000	2	2	9.69769
14037890260000	2	1	0.040861
14037890260000	2	0	-0.040861
14037968629000	2	2	9.72493
14037968629000	2	1	0.040861
14037968629000	2	0	-0.0817221
14038046937000	2	2	9.72493
14038046937000	2	1	0.0817221
14038046937000	2	0	-0.040861
14038125245000	2	2	9.69769
14038125245000	2	1	0.040861
14038125245000	2	0	-0.040861
14038203645000	2	2	9.72493
14038203645000	2	1	0.0817221
14038203645000	2	0	-0.0817221
14038281983000	2	2	9.69769
14038281983000	2	1	0.040861
14038281983000	2	0	-0.040861
14038360444000	2	2	9.69769
14038360444000	2	1	0.0817221
14038360444000	2	0	-0.040861
14038438783000	2	2	9.69769
14038438783000	2	1	0.040861
14038438783000	2	0	-0.0817221
14038517121000	2	2	9.72493
14038517121000	2	1	0.0817221
14038517121000	2	0	-0.040861
14038596803000	2	2	9.72493
14038596803000	2	1	0.040861
14038596803000	2	0	-0.0817221
14038674592000	2	2	9.69769
14038674592000	2	1	0
14038674592000	2	0	-0.040861