1278694160162	1	5	10
1278694160162	1	4	-16
1278694160162	1	3	330
1278694160162	1	2	10
1278694160162	1	1	-16
1278694160162	1	0	0
1278694160254	2	5	-9.42528
1278694160254	2	4	-2.72407
1278694160254	2	3	1.64806
1278694160254	2	2	-9.42528
1278694160254	2	1	-2.72407
1278694160254	2	0	1.64806
1278694160423	1	5	8
1278694160423	1	4	-14
1278694160423	1	3	330
1278694160423	1	2	8
1278694160423	1	1	-14
1278694160423	1	0	360
1278694160636	2	5	-9.46614
1278694160636	2	4	-2.36994
1278694160636	2	3	1.41652
1278694160636	2	2	-9.46614
1278694160636	2	1	-2.36994
1278694160636	2	0	1.41652
1278694160877	1	5	14
1278694160877	1	4	-21
1278694160877	1	3	338
1278694160877	1	2	14
1278694160877	1	1	-21
1278694160877	1	0	360
1278694161029	2	5	-8.30841
1278694161029	2	4	-3.25526
1278694161029	2	3	2.15201
1278694161029	2	2	-8.30841
1278694161029	2	1	-3.25526
1278694161029	2	0	2.15201
1278694161175	1	5	20
1278694161175	1	4	-12
1278694161175	1	3	344
1278694161175	1	2	20
1278694161175	1	1	-12
1278694161175	1	0	360
1278694161377	2	5	-10.0382
1278694161377	2	4	-2.22012
1278694161377	2	3	3.82732
1278694161377	2	2	-10.0382
1278694161377	2	1	-2.22012
1278694161377	2	0	3.82732
1278694161553	1	5	21
1278694161553	1	4	-1
1278694161553	1	3	335
1278694161553	1	2	21
1278694161553	1	1	-1
1278694161553	1	0	360
1278694161641	2	5	-10.0382
1278694161641	2	4	-0.108963
1278694161641	2	3	3.75922
1278694161641	2	2	-10.0382
1278694161641	2	1	-0.108963
1278694161641	2	0	3.75922
1278694161742	1	5	14
1278694161742	1	4	-4
1278694161742	1	3	326
1278694161742	1	2	14
1278694161742	1	1	-4
1278694161742	1	0	360
1278694161868	2	5	-9.46614
1278694161868	2	4	-0.762739
1278694161868	2	3	2.4108
1278694161868	2	2	-9.46614
1278694161868	2	1	-0.762739
1278694161868	2	0	2.4108
1278694162046	1	5	0
1278694162046	1	4	8
1278694162046	1	3	309
1278694162046	1	2	0
1278694162046	1	1	8
1278694162046	1	0	360
1278694162170	2	5	-10.8418
1278694162170	2	4	1.6072
1278694162170	2	3	0
1278694162170	2	2	-10.8418
1278694162170	2	1	1.6072
1278694162170	2	0	0
1278694162319	1	5	6
1278694162319	1	4	11
1278694162319	1	3	305
1278694162319	1	2	6
1278694162319	1	1	11
1278694162319	1	0	360
1278694162509	2	5	-9.49338
1278694162509	2	4	1.79789
1278694162509	2	3	0.953424
1278694162509	2	2	-9.49338
1278694162509	2	1	1.79789
1278694162509	2	0	0.953424
1278694162674	1	5	7
1278694162674	1	4	4
1278694162674	1	3	313
1278694162674	1	2	7
1278694162674	1	1	4
1278694162674	1	0	360
1278694162862	2	5	-9.91561
1278694162862	2	4	0.694638
1278694162862	2	3	1.18497
1278694162862	2	2	-9.91561
1278694162862	2	1	0.694638
1278694162862	2	0	1.18497
1278694163049	1	5	5
1278694163049	1	4	6
1278694163049	1	3	314
1278694163049	1	2	5
1278694163049	1	1	6
1278694163049	1	0	360
1278694163152	2	5	-8.85323
1278694163152	2	4	0.912563
1278694163152	2	3	0.762739
1278694163152	2	2	-8.85323
1278694163152	2	1	0.912563
1278694163152	2	0	0.762739
1278694163255	1	5	-2
1278694163255	1	4	1
1278694163255	1	3	313
1278694163255	1	2	-2
1278694163255	1	1	1
1278694163255	1	0	360
1278694163432	2	5	-9.38442
1278694163432	2	4	0.149824
1278694163432	2	3	-0.38137
1278694163432	2	2	-9.38442
1278694163432	2	1	0.149824
1278694163432	2	0	-0.38137
1278694163585	1	5	-1
1278694163585	1	4	5
1278694163585	1	3	306
1278694163585	1	2	-1
1278694163585	1	1	5
1278694163585	1	0	326.242
1278694163733	2	5	-14.71
1278694163733	2	4	1.18497
1278694163733	2	3	-0.38137
1278694163733	2	2	-14.71
1278694163733	2	1	1.18497
1278694163733	2	0	-0.38137
1278694163876	1	5	-7
1278694163876	1	4	8
1278694163876	1	3	296
1278694163876	1	2	-7
1278694163876	1	1	8
1278694163876	1	0	324.636
1278694164059	2	5	-9.49338
1278694164059	2	4	1.41652
1278694164059	2	3	-1.11687
1278694164059	2	2	-9.49338
1278694164059	2	1	1.41652
1278694164059	2	0	-1.11687
1278694164265	1	5	-3
1278694164265	1	4	12
1278694164265	1	3	287
1278694164265	1	2	-3
1278694164265	1	1	12
1278694164265	1	0	321.834
1278694164470	2	5	-9.65683
1278694164470	2	4	1.98857
1278694164470	2	3	-0.463092
1278694164470	2	2	-9.65683
1278694164470	2	1	1.98857
1278694164470	2	0	-0.463092
1278694164626	1	5	-53
1278694164626	1	4	-23
1278694164626	1	3	294
1278694164626	1	2	-53
1278694164626	1	1	-23
1278694164626	1	0	316.396
1278694164755	2	5	-4.33127
1278694164755	2	4	-3.56853
1278694164755	2	3	-7.35499
1278694164755	2	2	-4.33127
1278694164755	2	1	-3.56853
1278694164755	2	0	-7.35499
1278694164890	1	5	-46
1278694164890	1	4	-136
1278694164890	1	3	310
1278694164890	1	2	-46
1278694164890	1	1	-136
1278694164890	1	0	312.759
1278694165016	2	5	0.313268
1278694165016	2	4	-9.46614
1278694165016	2	3	-9.69769
1278694165016	2	2	0.313268
1278694165016	2	1	-9.46614
1278694165016	2	0	-9.69769
1278694165160	1	5	-70
1278694165160	1	4	-165
1278694165160	1	3	304
1278694165160	1	2	-70
1278694165160	1	1	-165
1278694165160	1	0	308.697
1278694165288	2	5	1.5391
1278694165288	2	4	-1.98857
1278694165288	2	3	-7.01448
1278694165288	2	2	1.5391
1278694165288	2	1	-1.98857
1278694165288	2	0	-7.01448
1278694165463	1	5	-42
1278694165463	1	4	-138
1278694165463	1	3	339
1278694165463	1	2	-42
1278694165463	1	1	-138
1278694165463	1	0	305.261
1278694165598	2	5	3.86818
1278694165598	2	4	-8.28117
1278694165598	2	3	-8.19945
1278694165598	2	2	3.86818
1278694165598	2	1	-8.28117
1278694165598	2	0	-8.19945
1278694165741	1	5	-52
1278694165741	1	4	-144
1278694165741	1	3	10
1278694165741	1	2	-52
1278694165741	1	1	-144
1278694165741	1	0	308.622
1278694165935	2	5	1.72978
1278694165935	2	4	-5.2847
1278694165935	2	3	-7.01448
1278694165935	2	2	1.72978
1278694165935	2	1	-5.2847
1278694165935	2	0	-7.01448
1278694166109	1	5	-32
1278694166109	1	4	-123
1278694166109	1	3	42
1278694166109	1	2	-32
1278694166109	1	1	-123
1278694166109	1	0	311.451
1278694166263	2	5	1.30755
1278694166263	2	4	-8.00876
1278694166263	2	3	-5.13487
1278694166263	2	2	1.30755
1278694166263	2	1	-8.00876
1278694166263	2	0	-5.13487
1278694166454	1	5	-15
1278694166454	1	4	-105
1278694166454	1	3	68
1278694166454	1	2	-15
1278694166454	1	1	-105
1278694166454	1	0	315.154
1278694166758	2	5	0.340509
1278694166758	2	4	-9.91561
1278694166758	2	3	-2.64235
1278694166758	2	2	0.340509
1278694166758	2	1	-9.91561
1278694166758	2	0	-2.64235
1278694166903	1	5	11
1278694166903	1	4	-101
1278694166903	1	3	89
1278694166903	1	2	11
1278694166903	1	1	-101
1278694166903	1	0	324.301
1278694167053	2	5	0.612916
1278694167053	2	4	-10.8009
1278694167053	2	3	2.11115
1278694167053	2	2	0.612916
1278694167053	2	1	-10.8009
1278694167053	2	0	2.11115
1278694167204	1	5	9
1278694167204	1	4	-81
1278694167204	1	3	101
1278694167204	1	2	9
1278694167204	1	1	-81
1278694167204	1	0	335.211
1278694167353	2	5	-0.463092
1278694167353	2	4	-9.65683
1278694167353	2	3	1.49824
1278694167353	2	2	-0.463092
1278694167353	2	1	-9.65683
1278694167353	2	0	1.49824
1278694167585	1	5	1
1278694167585	1	4	-105
1278694167585	1	3	90
1278694167585	1	2	1
1278694167585	1	1	-105
1278694167585	1	0	343.588
1278694167678	2	5	2.56063
1278694167678	2	4	-9.65683
1278694167678	2	3	0.149824
1278694167678	2	2	2.56063
1278694167678	2	1	-9.65683
1278694167678	2	0	0.149824
1278694167773	1	5	-6
1278694167773	1	4	-99
1278694167773	1	3	85
1278694167773	1	2	-6
1278694167773	1	1	-99
1278694167773	1	0	356.771
1278694167923	2	5	1.49824
1278694167923	2	4	-11.9178
1278694167923	2	3	-1.22583
1278694167923	2	2	1.49824
1278694167923	2	1	-11.9178
1278694167923	2	0	-1.22583
1278694168039	1	5	1
1278694168039	1	4	-82
1278694168039	1	3	99
1278694168039	1	2	1
1278694168039	1	1	-82
1278694168039	1	0	16.511
1278694168135	2	5	-1.18497
1278694168135	2	4	-8.39013
1278694168135	2	3	0.149824
1278694168135	2	2	-1.18497
1278694168135	2	1	-8.39013
1278694168135	2	0	0.149824
1278694168282	1	5	-17
1278694168282	1	4	-70
1278694168282	1	3	111
1278694168282	1	2	-17
1278694168282	1	1	-70
1278694168282	1	0	31.1412
1278694168380	2	5	-1.26669
1278694168380	2	4	-6.21088
1278694168380	2	3	-1.92047
1278694168380	2	2	-1.26669
1278694168380	2	1	-6.21088
1278694168380	2	0	-1.92047
1278694168479	1	5	-11
1278694168479	1	4	-104
1278694168479	1	3	93
1278694168479	1	2	-11
1278694168479	1	1	-104
1278694168479	1	0	42.3801
1278694168631	2	5	1.5391
1278694168631	2	4	-10.2697
1278694168631	2	3	-2.07029
1278694168631	2	2	1.5391
1278694168631	2	1	-10.2697
1278694168631	2	0	-2.07029
1278694168792	1	5	-6
1278694168792	1	4	-84
1278694168792	1	3	97
1278694168792	1	2	-6
1278694168792	1	1	-84
1278694168792	1	0	53.7928
1278694168982	2	5	-0.040861
1278694168982	2	4	-9.76579
1278694168982	2	3	-0.953424
1278694168982	2	2	-0.040861
1278694168982	2	1	-9.76579
1278694168982	2	0	-0.953424
1278694169122	1	5	-17
1278694169122	1	4	-108
1278694169122	1	3	91
1278694169122	1	2	-17
1278694169122	1	1	-108
1278694169122	1	0	77.8975
1278694169272	2	5	1.07601
1278694169272	2	4	-9.11201
1278694169272	2	3	-2.83303
1278694169272	2	2	1.07601
1278694169272	2	1	-9.11201
1278694169272	2	0	-2.83303
1278694169422	1	5	-19
1278694169422	1	4	-119
1278694169422	1	3	65
1278694169422	1	2	-19
1278694169422	1	1	-119
1278694169422	1	0	85.4769
1278694169572	2	5	2.30184
1278694169572	2	4	-5.66606
1278694169572	2	3	-2.07029
1278694169572	2	2	2.30184
1278694169572	2	1	-5.66606
1278694169572	2	0	-2.07029
1278694169763	1	5	-12
1278694169763	1	4	-105
1278694169763	1	3	78
1278694169763	1	2	-12
1278694169763	1	1	-105
1278694169763	1	0	88.8071
1278694169873	2	5	1.5391
1278694169873	2	4	-10.5013
1278694169873	2	3	-2.30184
1278694169873	2	2	1.5391
1278694169873	2	1	-10.5013
1278694169873	2	0	-2.30184
1278694170073	1	5	6
1278694170073	1	4	-97
1278694170073	1	3	96
1278694170073	1	2	6
1278694170073	1	1	-97
1278694170073	1	0	91.9333
1278694170216	2	5	0.694638
1278694170216	2	4	-10.6103
1278694170216	2	3	1.07601
1278694170216	2	2	0.694638
1278694170216	2	1	-10.6103
1278694170216	2	0	1.07601
1278694170363	1	5	-10
1278694170363	1	4	-101
1278694170363	1	3	91
1278694170363	1	2	-10
1278694170363	1	1	-101
1278694170363	1	0	92.6957
1278694170527	2	5	1.41652
1278694170527	2	4	-12.5307
1278694170527	2	3	-2.11115
1278694170527	2	2	1.41652
1278694170527	2	1	-12.5307
1278694170527	2	0	-2.11115
1278694170640	1	5	8
1278694170640	1	4	-102
1278694170640	1	3	96
1278694170640	1	2	8
1278694170640	1	1	-102
1278694170640	1	0	91.7482
1278694170737	2	5	1.30755
1278694170737	2	4	-7.81808
1278694170737	2	3	1.07601
1278694170737	2	2	1.30755
1278694170737	2	1	-7.81808
1278694170737	2	0	1.07601
1278694170856	1	5	-2
1278694170856	1	4	-98
1278694170856	1	3	95
1278694170856	1	2	-2
1278694170856	1	1	-98
1278694170856	1	0	92.048
1278694171010	2	5	1.56634
1278694171010	2	4	-11.6454
1278694171010	2	3	-0.422231
1278694171010	2	2	1.56634
1278694171010	2	1	-11.6454
1278694171010	2	0	-0.422231
1278694171104	1	5	3
1278694171104	1	4	-96
1278694171104	1	3	95
1278694171104	1	2	3
1278694171104	1	1	-96
1278694171104	1	0	93.3662
1278694171209	2	5	1.03515
1278694171209	2	4	-9.99734
1278694171209	2	3	0.463092
1278694171209	2	2	1.03515
1278694171209	2	1	-9.99734
1278694171209	2	0	0.463092
1278694171361	1	5	6
1278694171361	1	4	-98
1278694171361	1	3	96
1278694171361	1	2	6
1278694171361	1	1	-98
1278694171361	1	0	92.4641
1278694171508	2	5	0.994285
1278694171508	2	4	-9.65683
1278694171508	2	3	0.953424
1278694171508	2	2	0.994285
1278694171508	2	1	-9.65683
1278694171508	2	0	0.953424
1278694171669	1	5	1
1278694171669	1	4	-96
1278694171669	1	3	97
1278694171669	1	2	1
1278694171669	1	1	-96
1278694171669	1	0	91.0121
1278694171832	2	5	0.994285
1278694171832	2	4	-10.4604
1278694171832	2	3	0.231546
1278694171832	2	2	0.994285
1278694171832	2	1	-10.4604
1278694171832	2	0	0.231546
1278694171989	1	5	10
1278694171989	1	4	-102
1278694171989	1	3	105
1278694171989	1	2	10
1278694171989	1	1	-102
1278694171989	1	0	91.0981
1278694172105	2	5	0.926184
1278694172105	2	4	-10.2289
1278694172105	2	3	1.87961
1278694172105	2	2	0.926184
1278694172105	2	1	-10.2289
1278694172105	2	0	1.87961
1278694172263	1	5	12
1278694172263	1	4	-104
1278694172263	1	3	111
1278694172263	1	2	12
1278694172263	1	1	-104
1278694172263	1	0	91.1924
1278694172370	2	5	1.07601
1278694172370	2	4	-9.61597
1278694172370	2	3	2.07029
1278694172370	2	2	1.07601
1278694172370	2	1	-9.61597
1278694172370	2	0	2.07029
1278694172497	1	5	13
1278694172497	1	4	-104
1278694172497	1	3	115
1278694172497	1	2	13
1278694172497	1	1	-104
1278694172497	1	0	92.1392
1278694172644	2	5	1.11687
1278694172644	2	4	-9.61597
1278694172644	2	3	2.15201
1278694172644	2	2	1.11687
1278694172644	2	1	-9.61597
1278694172644	2	0	2.15201
1278694172792	1	5	12
1278694172792	1	4	-104
1278694172792	1	3	115
1278694172792	1	2	12
1278694172792	1	1	-104
1278694172792	1	0	96.4656
1278694172942	2	5	1.26669
1278694172942	2	4	-9.53424
1278694172942	2	3	2.07029
1278694172942	2	2	1.26669
1278694172942	2	1	-9.53424
1278694172942	2	0	2.07029
1278694173089	1	5	12
1278694173089	1	4	-105
1278694173089	1	3	115
1278694173089	1	2	12
1278694173089	1	1	-105
1278694173089	1	0	99.006
1278694173287	2	5	1.30755
1278694173287	2	4	-9.5751
1278694173287	2	3	2.11115
1278694173287	2	2	1.30755
1278694173287	2	1	-9.5751
1278694173287	2	0	2.11115
1278694173437	1	5	12
1278694173437	1	4	-104
1278694173437	1	3	115
1278694173437	1	2	12
1278694173437	1	1	-104
1278694173437	1	0	100.794
1278694173587	2	5	1.18497
1278694173587	2	4	-9.65683
1278694173587	2	3	2.07029
1278694173587	2	2	1.18497
1278694173587	2	1	-9.65683
1278694173587	2	0	2.07029
1278694173678	1	5	13
1278694173678	1	4	-105
1278694173678	1	3	115
1278694173678	1	2	13
1278694173678	1	1	-105
1278694173678	1	0	103.185
1278694173781	2	5	1.26669
1278694173781	2	4	-9.53424
1278694173781	2	3	2.15201
1278694173781	2	2	1.26669
1278694173781	2	1	-9.53424
1278694173781	2	0	2.15201
1278694173930	1	5	12
1278694173930	1	4	-104
1278694173930	1	3	115
1278694173930	1	2	12
1278694173930	1	1	-104
1278694173930	1	0	104.49
1278694174049	2	5	1.22583
1278694174049	2	4	-9.61597
1278694174049	2	3	2.02943
1278694174049	2	2	1.22583
1278694174049	2	1	-9.61597
1278694174049	2	0	2.02943
1278694174142	2	5	1.22583
1278694174142	2	4	-9.5751
1278694174142	2	3	2.11115
1278694174142	2	2	1.22583
1278694174142	2	1	-9.5751
1278694174142	2	0	2.11115
1278694174272	1	5	11
1278694174272	1	4	-103
1278694174272	1	3	116
1278694174272	1	2	11
1278694174272	1	1	-103
1278694174272	1	0	109.279
1278694174421	2	5	1.14411
1278694174421	2	4	-9.65683
1278694174421	2	3	1.94771
1278694174421	2	2	1.14411
1278694174421	2	1	-9.65683
1278694174421	2	0	1.94771
1278694174597	2	5	1.18497
1278694174597	2	4	-9.61597
1278694174597	2	3	1.92047
1278694174597	2	2	1.18497
1278694174597	2	1	-9.61597
1278694174597	2	0	1.92047
1278694174772	1	5	11
1278694174772	1	4	-104
1278694174772	1	3	116
1278694174772	1	2	11
1278694174772	1	1	-104
1278694174772	1	0	111.62
1278694174902	2	5	1.26669
1278694174902	2	4	-9.46614
1278694174902	2	3	1.92047
1278694174902	2	2	1.26669
1278694174902	2	1	-9.46614
1278694174902	2	0	1.92047
1278694175010	1	5	11
1278694175010	1	4	-103
1278694175010	1	3	116
1278694175010	1	2	11
1278694175010	1	1	-103
1278694175010	1	0	113.277
1278694175160	2	5	1.33479
1278694175160	2	4	-9.84751
1278694175160	2	3	1.87961
1278694175160	2	2	1.33479
1278694175160	2	1	-9.84751
1278694175160	2	0	1.87961
1278694175310	1	5	-3
1278694175310	1	4	-98
1278694175310	1	3	110
1278694175310	1	2	-3
1278694175310	1	1	-98
1278694175310	1	0	114.174
1278694175452	2	5	1.49824
1278694175452	2	4	-10.5013
1278694175452	2	3	-0.463092
1278694175452	2	2	1.49824
1278694175452	2	1	-10.5013
1278694175452	2	0	-0.463092
1278694175608	1	5	6
1278694175608	1	4	-103
1278694175608	1	3	103
1278694175608	1	2	6
1278694175608	1	1	-103
1278694175608	1	0	114.922
1278694175757	2	5	1.87961
1278694175757	2	4	-9.00305
1278694175757	2	3	1.03515
1278694175757	2	2	1.87961
1278694175757	2	1	-9.00305
1278694175757	2	0	1.03515
1278694175900	1	5	8
1278694175900	1	4	-99
1278694175900	1	3	103
1278694175900	1	2	8
1278694175900	1	1	-99
1278694175900	1	0	114.696
1278694176052	2	5	0.762739
1278694176052	2	4	-9.53424
1278694176052	2	3	1.33479
1278694176052	2	2	0.762739
1278694176052	2	1	-9.53424
1278694176052	2	0	1.33479
1278694176201	1	5	14
1278694176201	1	4	-117
1278694176201	1	3	89
1278694176201	1	2	14
1278694176201	1	1	-117
1278694176201	1	0	114.244
1278694176343	2	5	3.17354
1278694176343	2	4	-7.20516
1278694176343	2	3	1.98857
1278694176343	2	2	3.17354
1278694176343	2	1	-7.20516
1278694176343	2	0	1.98857
1278694176503	1	5	15
1278694176503	1	4	-109
1278694176503	1	3	84
1278694176503	1	2	15
1278694176503	1	1	-109
1278694176503	1	0	113.688
1278694176628	2	5	1.83875
1278694176628	2	4	-9.2346
1278694176628	2	3	2.49252
1278694176628	2	2	1.83875
1278694176628	2	1	-9.2346
1278694176628	2	0	2.49252
1278694176735	1	5	-6
1278694176735	1	4	-114
1278694176735	1	3	44
1278694176735	1	2	-6
1278694176735	1	1	-114
1278694176735	1	0	112.967
1278694176846	2	5	2.72407
1278694176846	2	4	-6.3607
1278694176846	2	3	-0.762739
1278694176846	2	2	2.72407
1278694176846	2	1	-6.3607
1278694176846	2	0	-0.762739
1278694176964	1	5	11
1278694176964	1	4	-116
1278694176964	1	3	49
1278694176964	1	2	11
1278694176964	1	1	-116
1278694176964	1	0	110.425
1278694177060	2	5	8.39013
1278694177060	2	4	-19.4635
1278694177060	2	3	4.09972
1278694177060	2	2	8.39013
1278694177060	2	1	-19.4635
1278694177060	2	0	4.09972
1278694177156	1	5	19
1278694177156	1	4	-112
1278694177156	1	3	64
1278694177156	1	2	19
1278694177156	1	1	-112
1278694177156	1	0	107.968
1278694177293	2	5	2.07029
1278694177293	2	4	-10.8418
1278694177293	2	3	3.86818
1278694177293	2	2	2.07029
1278694177293	2	1	-10.8418
1278694177293	2	0	3.86818
1278694177435	1	5	16
1278694177435	1	4	-115
1278694177435	1	3	68
1278694177435	1	2	16
1278694177435	1	1	-115
1278694177435	1	0	100.071
1278694177589	2	5	2.72407
1278694177589	2	4	-7.58653
1278694177589	2	3	2.30184
1278694177589	2	2	2.72407
1278694177589	2	1	-7.58653
1278694177589	2	0	2.30184
1278694177741	1	5	32
1278694177741	1	4	-57
1278694177741	1	3	95
1278694177741	1	2	32
1278694177741	1	1	-57
1278694177741	1	0	90.4957
1278694177896	2	5	-0.912563
1278694177896	2	4	-5.24383
1278694177896	2	3	3.29612
1278694177896	2	2	-0.912563
1278694177896	2	1	-5.24383
1278694177896	2	0	3.29612
1278694178046	1	5	-3
1278694178046	1	4	-124
1278694178046	1	3	53
1278694178046	1	2	-3
1278694178046	1	1	-124
1278694178046	1	0	86.2403
1278694178258	2	5	13.0211
1278694178258	2	4	-19.5043
1278694178258	2	3	-1.41652
1278694178258	2	2	13.0211
1278694178258	2	1	-19.5043
1278694178258	2	0	-1.41652
1278694178410	1	5	19
1278694178410	1	4	-110
1278694178410	1	3	72
1278694178410	1	2	19
1278694178410	1	1	-110
1278694178410	1	0	82.0246
1278694178558	2	5	1.79789
1278694178558	2	4	-16.3989
1278694178558	2	3	5.5571
1278694178558	2	2	1.79789
1278694178558	2	1	-16.3989
1278694178558	2	0	5.5571
1278694178704	1	5	-9
1278694178704	1	4	-67
1278694178704	1	3	122
1278694178704	1	2	-9
1278694178704	1	1	-67
1278694178704	1	0	78.9556
1278694178855	2	5	-1.64806
1278694178855	2	4	-4.18145
1278694178855	2	3	-0.721878
1278694178855	2	2	-1.64806
1278694178855	2	1	-4.18145
1278694178855	2	0	-0.721878
1278694178997	1	5	5
1278694178997	1	4	-125
1278694178997	1	3	74
1278694178997	1	2	5
1278694178997	1	1	-125
1278694178997	1	0	76.5611
1278694179145	2	5	13.0619
1278694179145	2	4	-18.8097
1278694179145	2	3	1.94771
1278694179145	2	2	13.0619
1278694179145	2	1	-18.8097
1278694179145	2	0	1.94771
1278694179310	1	5	10
1278694179310	1	4	-100
1278694179310	1	3	73
1278694179310	1	2	10
1278694179310	1	1	-100
1278694179310	1	0	72.015
1278694179467	2	5	0.0817221
1278694179467	2	4	-13.1436
1278694179467	2	3	2.22012
1278694179467	2	2	0.0817221
1278694179467	2	1	-13.1436
1278694179467	2	0	2.22012
1278694179575	1	5	4
1278694179575	1	4	-112
1278694179575	1	3	52
1278694179575	1	2	4
1278694179575	1	1	-112
1278694179575	1	0	70.6186
1278694179675	2	5	2.07029
1278694179675	2	4	-5.21659
1278694179675	2	3	0.422231
1278694179675	2	2	2.07029
1278694179675	2	1	-5.21659
1278694179675	2	0	0.422231
1278694179781	1	5	4
1278694179781	1	4	-102
1278694179781	1	3	47
1278694179781	1	2	4
1278694179781	1	1	-102
1278694179781	1	0	68.8418
1278694179944	2	5	2.15201
1278694179944	2	4	-10.3106
1278694179944	2	3	0.721878
1278694179944	2	2	2.15201
1278694179944	2	1	-10.3106
1278694179944	2	0	0.721878
1278694180047	1	5	9
1278694180047	1	4	-104
1278694180047	1	3	60
1278694180047	1	2	9
1278694180047	1	1	-104
1278694180047	1	0	72.1923
1278694180148	2	5	1.87961
1278694180148	2	4	-10.3787
1278694180148	2	3	1.72978
1278694180148	2	2	1.87961
1278694180148	2	1	-10.3787
1278694180148	2	0	1.72978
1278694180270	1	5	13
1278694180270	1	4	-105
1278694180270	1	3	85
1278694180270	1	2	13
1278694180270	1	1	-105
1278694180270	1	0	74.5667
1278694180421	2	5	1.26669
1278694180421	2	4	-9.72493
1278694180421	2	3	2.30184
1278694180421	2	2	1.26669
1278694180421	2	1	-9.72493
1278694180421	2	0	2.30184
1278694180575	1	5	11
1278694180575	1	4	-102
1278694180575	1	3	102
1278694180575	1	2	11
1278694180575	1	1	-102
1278694180575	1	0	75.7831
1278694180717	2	5	1.11687
1278694180717	2	4	-10.1199
1278694180717	2	3	1.94771
1278694180717	2	2	1.11687
1278694180717	2	1	-10.1199
1278694180717	2	0	1.94771
1278694180871	1	5	10
1278694180871	1	4	-101
1278694180871	1	3	113
1278694180871	1	2	10
1278694180871	1	1	-101
1278694180871	1	0	77.3539
1278694181023	2	5	0.762739
1278694181023	2	4	-10.1472
1278694181023	2	3	1.83875
1278694181023	2	2	0.762739
1278694181023	2	1	-10.1472
1278694181023	2	0	1.83875
1278694181165	1	5	5
1278694181165	1	4	-99
1278694181165	1	3	113
1278694181165	1	2	5
1278694181165	1	1	-99
1278694181165	1	0	73.935
1278694181323	2	5	1.41652
1278694181323	2	4	-10.2289
1278694181323	2	3	0.953424
1278694181323	2	2	1.41652
1278694181323	2	1	-10.2289
1278694181323	2	0	0.953424
1278694181488	1	5	3
1278694181488	1	4	-103
1278694181488	1	3	102
1278694181488	1	2	3
1278694181488	1	1	-103
1278694181488	1	0	78.9042
1278694181644	2	5	2.49252
1278694181644	2	4	-10.6103
1278694181644	2	3	0.503953
1278694181644	2	2	2.49252
1278694181644	2	1	-10.6103
1278694181644	2	0	0.503953
1278694181787	1	5	9
1278694181787	1	4	-104
1278694181787	1	3	110
1278694181787	1	2	9
1278694181787	1	1	-104
1278694181787	1	0	81.3427
1278694181937	2	5	1.92047
1278694181937	2	4	-9.507
1278694181937	2	3	1.45738
1278694181937	2	2	1.92047
1278694181937	2	1	-9.507
1278694181937	2	0	1.45738
1278694182095	1	5	11
1278694182095	1	4	-102
1278694182095	1	3	126
1278694182095	1	2	11
1278694182095	1	1	-102
1278694182095	1	0	79.0927
1278694182257	2	5	0.721878
1278694182257	2	4	-9.65683
1278694182257	2	3	1.87961
1278694182257	2	2	0.721878
1278694182257	2	1	-9.65683
1278694182257	2	0	1.87961
1278694182458	1	5	7
1278694182458	1	4	-97
1278694182458	1	3	138
1278694182458	1	2	7
1278694182458	1	1	-97
1278694182458	1	0	82.6236
1278694182579	2	5	0.272407
1278694182579	2	4	-8.58082
1278694182579	2	3	1.03515
1278694182579	2	2	0.272407
1278694182579	2	1	-8.58082
1278694182579	2	0	1.03515
1278694182672	1	5	6
1278694182672	1	4	-100
1278694182672	1	3	138
1278694182672	1	2	6
1278694182672	1	1	-100
1278694182672	1	0	88.2318
1278694182775	2	5	1.37566
1278694182775	2	4	-9.88837
1278694182775	2	3	1.11687
1278694182775	2	2	1.37566
1278694182775	2	1	-9.88837
1278694182775	2	0	1.11687
1278694182914	1	5	7
1278694182914	1	4	-100
1278694182914	1	3	144
1278694182914	1	2	7
1278694182914	1	1	-100
1278694182914	1	0	95.7105
1278694183039	2	5	1.07601
1278694183039	2	4	-8.4991
1278694183039	2	3	1.03515
1278694183039	2	2	1.07601
1278694183039	2	1	-8.4991
1278694183039	2	0	1.03515
1278694183135	1	5	9
1278694183135	1	4	-100
1278694183135	1	3	154
1278694183135	1	2	9
1278694183135	1	1	-100
1278694183135	1	0	102.393
1278694183260	2	5	0.8036
1278694183260	2	4	-9.88837
1278694183260	2	3	1.64806
1278694183260	2	2	0.8036
1278694183260	2	1	-9.88837
1278694183260	2	0	1.64806
1278694183412	1	5	11
1278694183412	1	4	-103
1278694183412	1	3	161
1278694183412	1	2	11
1278694183412	1	1	-103
1278694183412	1	0	118.29
1278694183550	2	5	1.33479
1278694183550	2	4	-9.91561
1278694183550	2	3	1.92047
1278694183550	2	2	1.33479
1278694183550	2	1	-9.91561
1278694183550	2	0	1.92047
1278694183699	1	5	5
1278694183699	1	4	-104
1278694183699	1	3	201
1278694183699	1	2	5
1278694183699	1	1	-104
1278694183699	1	0	123.576
1278694183847	2	5	2.72407
1278694183847	2	4	-11.7952
1278694183847	2	3	1.14411
1278694183847	2	2	2.72407
1278694183847	2	1	-11.7952
1278694183847	2	0	1.14411
1278694183991	1	5	6
1278694183991	1	4	-98
1278694183991	1	3	202
1278694183991	1	2	6
1278694183991	1	1	-98
1278694183991	1	0	131.613
1278694184142	2	5	1.14411
1278694184142	2	4	-11.9587
1278694184142	2	3	1.26669
1278694184142	2	2	1.14411
1278694184142	2	1	-11.9587
1278694184142	2	0	1.26669
1278694184293	1	5	11
1278694184293	1	4	-105
1278694184293	1	3	185
1278694184293	1	2	11
1278694184293	1	1	-105
1278694184293	1	0	136.569
1278694184435	2	5	2.15201
1278694184435	2	4	-11.3457
1278694184435	2	3	2.30184
1278694184435	2	2	2.15201
1278694184435	2	1	-11.3457
1278694184435	2	0	2.30184
1278694184593	1	5	14
1278694184593	1	4	-106
1278694184593	1	3	178
1278694184593	1	2	14
1278694184593	1	1	-106
1278694184593	1	0	144.49
1278694184742	2	5	1.45738
1278694184742	2	4	-9.72493
1278694184742	2	3	2.36994
1278694184742	2	2	1.45738
1278694184742	2	1	-9.72493
1278694184742	2	0	2.36994
1278694184887	1	5	16
1278694184887	1	4	-109
1278694184887	1	3	171
1278694184887	1	2	16
1278694184887	1	1	-109
1278694184887	1	0	153.55
1278694185049	2	5	1.72978
1278694185049	2	4	-9.04391
1278694185049	2	3	2.64235
1278694185049	2	2	1.72978
1278694185049	2	1	-9.04391
1278694185049	2	0	2.64235
1278694185169	1	5	11
1278694185169	1	4	-103
1278694185169	1	3	185
1278694185169	1	2	11
1278694185169	1	1	-103
1278694185169	1	0	159.39
1278694185284	2	5	1.07601
1278694185284	2	4	-10.3106
1278694185284	2	3	2.11115
1278694185284	2	2	1.07601
1278694185284	2	1	-10.3106
1278694185284	2	0	2.11115
1278694185458	1	5	11
1278694185458	1	4	-104
1278694185458	1	3	201
1278694185458	1	2	11
1278694185458	1	1	-104
1278694185458	1	0	163.727
1278694185615	2	5	1.56634
1278694185615	2	4	-9.76579
1278694185615	2	3	1.87961
1278694185615	2	2	1.56634
1278694185615	2	1	-9.76579
1278694185615	2	0	1.87961
1278694185707	1	5	12
1278694185707	1	4	-105
1278694185707	1	3	215
1278694185707	1	2	12
1278694185707	1	1	-105
1278694185707	1	0	170.941
1278694185829	2	5	1.68892
1278694185829	2	4	-9.80665
1278694185829	2	3	2.07029
1278694185829	2	2	1.68892
1278694185829	2	1	-9.80665
1278694185829	2	0	2.07029
1278694185998	1	5	9
1278694185998	1	4	-103
1278694185998	1	3	226
1278694185998	1	2	9
1278694185998	1	1	-103
1278694185998	1	0	178.624
1278694186094	2	5	1.79789
1278694186094	2	4	-10.3106
1278694186094	2	3	1.64806
1278694186094	2	2	1.79789
1278694186094	2	1	-10.3106
1278694186094	2	0	1.64806
1278694186187	1	5	12
1278694186187	1	4	-103
1278694186187	1	3	226
1278694186187	1	2	12
1278694186187	1	1	-103
1278694186187	1	0	185.56
1278694186336	2	5	0.340509
1278694186336	2	4	-9.04391
1278694186336	2	3	1.98857
1278694186336	2	2	0.340509
1278694186336	2	1	-9.04391
1278694186336	2	0	1.98857
1278694186486	1	5	11
1278694186486	1	4	-107
1278694186486	1	3	239
1278694186486	1	2	11
1278694186486	1	1	-107
1278694186486	1	0	192.9
1278694186643	2	5	2.07029
1278694186643	2	4	-8.73064
1278694186643	2	3	1.72978
1278694186643	2	2	2.07029
1278694186643	2	1	-8.73064
1278694186643	2	0	1.72978
1278694186820	1	5	5
1278694186820	1	4	-103
1278694186820	1	3	240
1278694186820	1	2	5
1278694186820	1	1	-103
1278694186820	1	0	199.438
1278694186975	2	5	2.56063
1278694186975	2	4	-11.5364
1278694186975	2	3	0.994285
1278694186975	2	2	2.56063
1278694186975	2	1	-11.5364
1278694186975	2	0	0.994285
1278694187141	1	5	24
1278694187141	1	4	-117
1278694187141	1	3	216
1278694187141	1	2	24
1278694187141	1	1	-117
1278694187141	1	0	201.021
1278694187320	2	5	1.5391
1278694187320	2	4	-7.39585
1278694187320	2	3	3.40509
1278694187320	2	2	1.5391
1278694187320	2	1	-7.39585
1278694187320	2	0	3.40509
1278694187466	1	5	2
1278694187466	1	4	-112
1278694187466	1	3	217
1278694187466	1	2	2
1278694187466	1	1	-112
1278694187466	1	0	201.881
1278694187636	2	5	7.35499
1278694187636	2	4	-18.2785
1278694187636	2	3	0.762739
1278694187636	2	2	7.35499
1278694187636	2	1	-18.2785
1278694187636	2	0	0.762739
1278694187798	1	5	27
1278694187798	1	4	-60
1278694187798	1	3	200
1278694187798	1	2	27
1278694187798	1	1	-60
1278694187798	1	0	206.335
1278694187941	2	5	-2.07029
1278694187941	2	4	-8.47186
1278694187941	2	3	4.44023
1278694187941	2	2	-2.07029
1278694187941	2	1	-8.47186
1278694187941	2	0	4.44023
1278694188115	1	5	7
1278694188115	1	4	-98
1278694188115	1	3	190
1278694188115	1	2	7
1278694188115	1	1	-98
1278694188115	1	0	208.85
1278694188266	2	5	0.721878
1278694188266	2	4	-10.692
1278694188266	2	3	1.22583
1278694188266	2	2	0.721878
1278694188266	2	1	-10.692
1278694188266	2	0	1.22583
1278694188409	1	5	8
1278694188409	1	4	-82
1278694188409	1	3	184
1278694188409	1	2	8
1278694188409	1	1	-82
1278694188409	1	0	214.709
1278694188575	2	5	-0.108963
1278694188575	2	4	-6.17002
1278694188575	2	3	0.885323
1278694188575	2	2	-0.108963
1278694188575	2	1	-6.17002
1278694188575	2	0	0.885323
1278694188676	1	5	9
1278694188676	1	4	-118
1278694188676	1	3	172
1278694188676	1	2	9
1278694188676	1	1	-118
1278694188676	1	0	216.25
1278694188772	2	5	9.19374
1278694188772	2	4	-18.728
1278694188772	2	3	3.29612
1278694188772	2	2	9.19374
1278694188772	2	1	-18.728
1278694188772	2	0	3.29612
1278694188910	1	5	-2
1278694188910	1	4	-87
1278694188910	1	3	177
1278694188910	1	2	-2
1278694188910	1	1	-87
1278694188910	1	0	213.42
1278694189035	2	5	-0.38137
1278694189035	2	4	-8.15859
1278694189035	2	3	-0.299648
1278694189035	2	2	-0.38137
1278694189035	2	1	-8.15859
1278694189035	2	0	-0.299648
1278694189146	1	5	-9
1278694189146	1	4	-100
1278694189146	1	3	187
1278694189146	1	2	-9
1278694189146	1	1	-100
1278694189146	1	0	211.496
1278694189280	2	5	1.22583
1278694189280	2	4	-12.1494
1278694189280	2	3	-1.87961
1278694189280	2	2	1.22583
1278694189280	2	1	-12.1494
1278694189280	2	0	-1.87961
1278694189431	1	5	-8
1278694189431	1	4	-99
1278694189431	1	3	201
1278694189431	1	2	-8
1278694189431	1	1	-99
1278694189431	1	0	207.785
1278694189586	2	5	0.8036
1278694189586	2	4	-10.0382
1278694189586	2	3	-1.45738
1278694189586	2	2	0.8036
1278694189586	2	1	-10.0382
1278694189586	2	0	-1.45738
1278694189759	1	5	20
1278694189759	1	4	-110
1278694189759	1	3	201
1278694189759	1	2	20
1278694189759	1	1	-110
1278694189759	1	0	205.435
1278694189863	2	5	0.231546
1278694189863	2	4	-8.58082
1278694189863	2	3	3.17354
1278694189863	2	2	0.231546
1278694189863	2	1	-8.58082
1278694189863	2	0	3.17354
1278694189966	1	5	4
1278694189966	1	4	-95
1278694189966	1	3	214
1278694189966	1	2	4
1278694189966	1	1	-95
1278694189966	1	0	199.039
1278694190111	2	5	0.531194
1278694190111	2	4	-10.3378
1278694190111	2	3	0.8036
1278694190111	2	2	0.531194
1278694190111	2	1	-10.3378
1278694190111	2	0	0.8036
1278694190248	1	5	0
1278694190248	1	4	-97
1278694190248	1	3	227
1278694190248	1	2	0
1278694190248	1	1	-97
1278694190248	1	0	195.866
1278694190349	2	5	1.18497
1278694190349	2	4	-10.3378
1278694190349	2	3	0
1278694190349	2	2	1.18497
1278694190349	2	1	-10.3378
1278694190349	2	0	0
1278694190511	1	5	-2
1278694190511	1	4	-95
1278694190511	1	3	235
1278694190511	1	2	-2
1278694190511	1	1	-95
1278694190511	1	0	195.231
1278694190665	2	5	0.721878
1278694190665	2	4	-9.80665
1278694190665	2	3	-0.299648
1278694190665	2	2	0.721878
1278694190665	2	1	-9.80665
1278694190665	2	0	-0.299648
1278694190820	1	5	-5
1278694190820	1	4	-103
1278694190820	1	3	243
1278694190820	1	2	-5
1278694190820	1	1	-103
1278694190820	1	0	193.322
1278694190976	2	5	2.07029
1278694190976	2	4	-9.91561
1278694190976	2	3	-0.912563
1278694190976	2	2	2.07029
1278694190976	2	1	-9.91561
1278694190976	2	0	-0.912563
1278694191137	1	5	1
1278694191137	1	4	-95
1278694191137	1	3	242
1278694191137	1	2	1
1278694191137	1	1	-95
1278694191137	1	0	198.17
1278694191299	2	5	0.844462
1278694191299	2	4	-9.507
1278694191299	2	3	0.149824
1278694191299	2	2	0.844462
1278694191299	2	1	-9.507
1278694191299	2	0	0.149824
1278694191443	1	5	-3
1278694191443	1	4	-107
1278694191443	1	3	242
1278694191443	1	2	-3
1278694191443	1	1	-107
1278694191443	1	0	200.965
1278694191606	2	5	3.17354
1278694191606	2	4	-10.4196
1278694191606	2	3	-0.531194
1278694191606	2	2	3.17354
1278694191606	2	1	-10.4196
1278694191606	2	0	-0.531194
1278694191722	1	5	-11
1278694191722	1	4	-114
1278694191722	1	3	233
1278694191722	1	2	-11
1278694191722	1	1	-114
1278694191722	1	0	204.38
1278694191837	2	5	3.9499
1278694191837	2	4	-10.2289
1278694191837	2	3	-2.11115
1278694191837	2	2	3.9499
1278694191837	2	1	-10.2289
1278694191837	2	0	-2.11115
1278694191990	1	5	-15
1278694191990	1	4	-114
1278694191990	1	3	212
1278694191990	1	2	-15
1278694191990	1	1	-114
1278694191990	1	0	214.719
1278694192118	2	5	3.56853
1278694192118	2	4	-9.99734
1278694192118	2	3	-2.75131
1278694192118	2	2	3.56853
1278694192118	2	1	-9.99734
1278694192118	2	0	-2.75131
1278694192222	1	5	-9
1278694192222	1	4	-114
1278694192222	1	3	180
1278694192222	1	2	-9
1278694192222	1	1	-114
1278694192222	1	0	218.315
1278694192382	2	5	3.82732
1278694192382	2	4	-9.19374
1278694192382	2	3	-1.49824
1278694192382	2	2	3.82732
1278694192382	2	1	-9.19374
1278694192382	2	0	-1.49824
1278694192528	1	5	-7
1278694192528	1	4	-111
1278694192528	1	3	157
1278694192528	1	2	-7
1278694192528	1	1	-111
1278694192528	1	0	219.678
1278694192681	2	5	4.09972
1278694192681	2	4	-11.0325
1278694192681	2	3	-1.37566
1278694192681	2	2	4.09972
1278694192681	2	1	-11.0325
1278694192681	2	0	-1.37566
1278694192852	1	5	-15
1278694192852	1	4	-117
1278694192852	1	3	142
1278694192852	1	2	-15
1278694192852	1	1	-117
1278694192852	1	0	218.967
1278694193000	2	5	3.82732
1278694193000	2	4	-8.89409
1278694193000	2	3	-2.56063
1278694193000	2	2	3.82732
1278694193000	2	1	-8.89409
1278694193000	2	0	-2.56063
1278694193160	1	5	-8
1278694193160	1	4	-106
1278694193160	1	3	141
1278694193160	1	2	-8
1278694193160	1	1	-106
1278694193160	1	0	217.955
1278694193331	2	5	2.4108
1278694193331	2	4	-9.80665
1278694193331	2	3	-1.37566
1278694193331	2	2	2.4108
1278694193331	2	1	-9.80665
1278694193331	2	0	-1.37566
1278694193480	1	5	4
1278694193480	1	4	-100
1278694193480	1	3	142
1278694193480	1	2	4
1278694193480	1	1	-100
1278694193480	1	0	212.265
1278694193629	2	5	1.64806
1278694193629	2	4	-9.91561
1278694193629	2	3	0.721878
1278694193629	2	2	1.64806
1278694193629	2	1	-9.91561
1278694193629	2	0	0.721878
1278694193785	1	5	-9
1278694193785	1	4	-104
1278694193785	1	3	152
1278694193785	1	2	-9
1278694193785	1	1	-104
1278694193785	1	0	207.617
1278694193946	2	5	1.83875
1278694193946	2	4	-9.72493
1278694193946	2	3	-1.56634
1278694193946	2	2	1.83875
1278694193946	2	1	-9.72493
1278694193946	2	0	-1.56634
1278694194104	1	5	11
1278694194104	1	4	-106
1278694194104	1	3	158
1278694194104	1	2	11
1278694194104	1	1	-106
1278694194104	1	0	202.475
1278694194287	2	5	1.94771
1278694194287	2	4	-9.5751
1278694194287	2	3	1.92047
1278694194287	2	2	1.94771
1278694194287	2	1	-9.5751
1278694194287	2	0	1.92047
1278694194435	1	5	-6
1278694194435	1	4	-103
1278694194435	1	3	178
1278694194435	1	2	-6
1278694194435	1	1	-103
1278694194435	1	0	187.714
1278694194556	2	5	1.37566
1278694194556	2	4	-7.1643
1278694194556	2	3	-0.8036
1278694194556	2	2	1.37566
1278694194556	2	1	-7.1643
1278694194556	2	0	-0.8036
1278694194672	1	5	6
1278694194672	1	4	-102
1278694194672	1	3	186
1278694194672	1	2	6
1278694194672	1	1	-102
1278694194672	1	0	181.348
1278694194765	2	5	1.68892
1278694194765	2	4	-9.2346
1278694194765	2	3	0.994285
1278694194765	2	2	1.68892
1278694194765	2	1	-9.2346
1278694194765	2	0	0.994285
1278694194915	1	5	20
1278694194915	1	4	-122
1278694194915	1	3	169
1278694194915	1	2	20
1278694194915	1	1	-122
1278694194915	1	0	175.805
1278694195044	2	5	3.29612
1278694195044	2	4	-7.12344
1278694195044	2	3	2.87389
1278694195044	2	2	3.29612
1278694195044	2	1	-7.12344
1278694195044	2	0	2.87389
1278694195162	1	5	-3
1278694195162	1	4	-105
1278694195162	1	3	179
1278694195162	1	2	-3
1278694195162	1	1	-105
1278694195162	1	0	170.249
1278694195291	2	5	2.17926
1278694195291	2	4	-8.07687
1278694195291	2	3	-0.503953
1278694195291	2	2	2.17926
1278694195291	2	1	-8.07687
1278694195291	2	0	-0.503953
1278694195405	1	5	33
1278694195405	1	4	-123
1278694195405	1	3	178
1278694195405	1	2	33
1278694195405	1	1	-123
1278694195405	1	0	159.347
1278694195514	2	5	0.885323
1278694195514	2	4	-9.2346
1278694195514	2	3	5.93847
1278694195514	2	2	0.885323
1278694195514	2	1	-9.2346
1278694195514	2	0	5.93847
1278694195666	1	5	-30
1278694195666	1	4	-160
1278694195666	1	3	196
1278694195666	1	2	-30
1278694195666	1	1	-160
1278694195666	1	0	158.294
1278694195817	2	5	3.82732
1278694195817	2	4	-1.68892
1278694195817	2	3	-2.4108
1278694195817	2	2	3.82732
1278694195817	2	1	-1.68892
1278694195817	2	0	-2.4108
1278694195976	1	5	-46
1278694195976	1	4	-155
1278694195976	1	3	191
1278694195976	1	2	-46
1278694195976	1	1	-155
1278694195976	1	0	161.456
1278694196135	2	5	6.82379
1278694196135	2	4	-5.13487
1278694196135	2	3	-8.85323
1278694196135	2	2	6.82379
1278694196135	2	1	-5.13487
1278694196135	2	0	-8.85323
1278694196296	1	5	-60
1278694196296	1	4	154
1278694196296	1	3	149
1278694196296	1	2	-60
1278694196296	1	1	154
1278694196296	1	0	166.215
1278694196464	2	5	1.5391
1278694196464	2	4	3.1463
1278694196464	2	3	-6.12916
1278694196464	2	2	1.5391
1278694196464	2	1	3.1463
1278694196464	2	0	-6.12916
1278694196664	1	5	-7
1278694196664	1	4	-120
1278694196664	1	3	163
1278694196664	1	2	-7
1278694196664	1	1	-120
1278694196664	1	0	169.572
1278694196827	2	5	5.89761
1278694196827	2	4	-10.6103
1278694196827	2	3	-1.41652
1278694196827	2	2	5.89761
1278694196827	2	1	-10.6103
1278694196827	2	0	-1.41652
1278694197008	1	5	7
1278694197008	1	4	-83
1278694197008	1	3	167
1278694197008	1	2	7
1278694197008	1	1	-83
1278694197008	1	0	172.054
1278694197164	2	5	-0.040861
1278694197164	2	4	-14.1788
1278694197164	2	3	1.72978
1278694197164	2	2	-0.040861
1278694197164	2	1	-14.1788
1278694197164	2	0	1.72978
1278694197367	1	5	-47
1278694197367	1	4	178
1278694197367	1	3	158
1278694197367	1	2	-47
1278694197367	1	1	178
1278694197367	1	0	173.54
1278694197516	2	5	4.37213
1278694197516	2	4	0.272407
1278694197516	2	3	-4.63092
1278694197516	2	2	4.37213
1278694197516	2	1	0.272407
1278694197516	2	0	-4.63092
1278694197644	1	5	-9
1278694197644	1	4	-112
1278694197644	1	3	158
1278694197644	1	2	-9
1278694197644	1	1	-112
1278694197644	1	0	174.932
1278694197742	2	5	3.78646
1278694197742	2	4	-10.1199
1278694197742	2	3	-1.64806
1278694197742	2	2	3.78646
1278694197742	2	1	-10.1199
1278694197742	2	0	-1.64806
1278694197870	1	5	-15
1278694197870	1	4	-116
1278694197870	1	3	158
1278694197870	1	2	-15
1278694197870	1	1	-116
1278694197870	1	0	173.614
1278694198023	2	5	3.75922
1278694198023	2	4	-9.3027
1278694198023	2	3	-2.68321
1278694198023	2	2	3.75922
1278694198023	2	1	-9.3027
1278694198023	2	0	-2.68321
1278694198159	1	5	-9
1278694198159	1	4	-118
1278694198159	1	3	149
1278694198159	1	2	-9
1278694198159	1	1	-118
1278694198159	1	0	171.611
1278694198298	2	5	4.44023
1278694198298	2	4	-8.96219
1278694198298	2	3	-1.52548
1278694198298	2	2	4.44023
1278694198298	2	1	-8.96219
1278694198298	2	0	-1.52548
1278694198447	1	5	-26
1278694198447	1	4	-125
1278694198447	1	3	155
1278694198447	1	2	-26
1278694198447	1	1	-125
1278694198447	1	0	170.012
1278694198603	2	5	3.59577
1278694198603	2	4	-7.85894
1278694198603	2	3	-4.20869
1278694198603	2	2	3.59577
1278694198603	2	1	-7.85894
1278694198603	2	0	-4.20869
1278694198754	1	5	-8
1278694198754	1	4	-101
1278694198754	1	3	156
1278694198754	1	2	-8
1278694198754	1	1	-101
1278694198754	1	0	167.233
1278694198894	2	5	1.83875
1278694198894	2	4	-14.7917
1278694198894	2	3	-2.22012
1278694198894	2	2	1.83875
1278694198894	2	1	-14.7917
1278694198894	2	0	-2.22012
1278694199048	1	5	12
1278694199048	1	4	-135
1278694199048	1	3	127
1278694199048	1	2	12
1278694199048	1	1	-135
1278694199048	1	0	165.63
1278694199210	2	5	6.17002
1278694199210	2	4	-6.55139
1278694199210	2	3	1.87961
1278694199210	2	2	6.17002
1278694199210	2	1	-6.55139
1278694199210	2	0	1.87961
1278694199308	1	5	-9
1278694199308	1	4	-102
1278694199308	1	3	163
1278694199308	1	2	-9
1278694199308	1	1	-102
1278694199308	1	0	158.651
1278694199419	2	5	1.79789
1278694199419	2	4	-12.8712
1278694199419	2	3	-2.02943
1278694199419	2	2	1.79789
1278694199419	2	1	-12.8712
1278694199419	2	0	-2.02943
1278694199562	1	5	7
1278694199562	1	4	-113
1278694199562	1	3	210
1278694199562	1	2	7
1278694199562	1	1	-113
1278694199562	1	0	155.874
1278694199719	2	5	3.63663
1278694199719	2	4	-9.00305
1278694199719	2	3	1.26669
1278694199719	2	2	3.63663
1278694199719	2	1	-9.00305
1278694199719	2	0	1.26669
1278694199879	1	5	2
1278694199879	1	4	-106
1278694199879	1	3	232
1278694199879	1	2	2
1278694199879	1	1	-106
1278694199879	1	0	160.92
1278694199977	2	5	2.72407
1278694199977	2	4	-9.46614
1278694199977	2	3	0.340509
1278694199977	2	2	2.72407
1278694199977	2	1	-9.46614
1278694199977	2	0	0.340509
1278694200102	1	5	6
1278694200102	1	4	-123
1278694200102	1	3	277
1278694200102	1	2	6
1278694200102	1	1	-123
1278694200102	1	0	163.632
1278694200202	2	5	4.14059
1278694200202	2	4	-6.59225
1278694200202	2	3	0.844462
1278694200202	2	2	4.14059
1278694200202	2	1	-6.59225
1278694200202	2	0	0.844462
1278694200299	1	5	0
1278694200299	1	4	-95
1278694200299	1	3	259
1278694200299	1	2	0
1278694200299	1	1	-95
1278694200299	1	0	168.057
1278694200409	2	5	1.37566
1278694200409	2	4	-15.4727
1278694200409	2	3	0.108963
1278694200409	2	2	1.37566
1278694200409	2	1	-15.4727
1278694200409	2	0	0.108963
1278694200538	1	5	-2
1278694200538	1	4	-96
1278694200538	1	3	247
1278694200538	1	2	-2
1278694200538	1	1	-96
1278694200538	1	0	177.26
1278694200642	2	5	0.844462
1278694200642	2	4	-8.68978
1278694200642	2	3	-0.299648
1278694200642	2	2	0.844462
1278694200642	2	1	-8.68978
1278694200642	2	0	-0.299648
1278694200749	1	5	25
1278694200749	1	4	-121
1278694200749	1	3	190
1278694200749	1	2	25
1278694200749	1	1	-121
1278694200749	1	0	184.982
1278694200882	2	5	3.71835
1278694200882	2	4	-11.7271
1278694200882	2	3	5.85675
1278694200882	2	2	3.71835
1278694200882	2	1	-11.7271
1278694200882	2	0	5.85675
1278694201022	1	5	-1
1278694201022	1	4	-114
1278694201022	1	3	236
1278694201022	1	2	-1
1278694201022	1	1	-114
1278694201022	1	0	188.307
1278694201136	2	5	3.48681
1278694201136	2	4	-7.6955
1278694201136	2	3	-0.190685
1278694201136	2	2	3.48681
1278694201136	2	1	-7.6955
1278694201136	2	0	-0.190685
1278694201233	1	5	-22
1278694201233	1	4	-67
1278694201233	1	3	227
1278694201233	1	2	-22
1278694201233	1	1	-67
1278694201233	1	0	197.473
1278694201382	2	5	-0.844462
1278694201382	2	4	-6.17002
1278694201382	2	3	-2.53338
1278694201382	2	2	-0.844462
1278694201382	2	1	-6.17002
1278694201382	2	0	-2.53338
1278694201524	1	5	2
1278694201524	1	4	-88
1278694201524	1	3	227
1278694201524	1	2	2
1278694201524	1	1	-88
1278694201524	1	0	208.716
1278694201703	2	5	-0.149824
1278694201703	2	4	-10.3787
1278694201703	2	3	0.422231
1278694201703	2	2	-0.149824
1278694201703	2	1	-10.3787
1278694201703	2	0	0.422231
1278694201860	1	5	4
1278694201860	1	4	-119
1278694201860	1	3	272
1278694201860	1	2	4
1278694201860	1	1	-119
1278694201860	1	0	214.599
1278694202010	2	5	7.43671
1278694202010	2	4	-13.3752
1278694202010	2	3	0.953424
1278694202010	2	2	7.43671
1278694202010	2	1	-13.3752
1278694202010	2	0	0.953424
1278694202153	1	5	-10
1278694202153	1	4	-68
1278694202153	1	3	243
1278694202153	1	2	-10
1278694202153	1	1	-68
1278694202153	1	0	225.039
1278694202303	2	5	-2.02943
1278694202303	2	4	-5.5571
1278694202303	2	3	-1.07601
1278694202303	2	2	-2.02943
1278694202303	2	1	-5.5571
1278694202303	2	0	-1.07601
1278694202454	1	5	10
1278694202454	1	4	-104
1278694202454	1	3	243
1278694202454	1	2	10
1278694202454	1	1	-104
1278694202454	1	0	236.405
1278694202601	2	5	0.994285
1278694202601	2	4	-6.17002
1278694202601	2	3	1.11687
1278694202601	2	2	0.994285
1278694202601	2	1	-6.17002
1278694202601	2	0	1.11687
1278694202754	1	5	-6
1278694202754	1	4	97
1278694202754	1	3	293
1278694202754	1	2	-6
1278694202754	1	1	97
1278694202754	1	0	241.493
1278694202903	2	5	0.231546
1278694202903	2	4	3.71835
1278694202903	2	3	-0.422231
1278694202903	2	2	0.231546
1278694202903	2	1	3.71835
1278694202903	2	0	-0.422231
1278694203048	1	5	-8
1278694203048	1	4	-58
1278694203048	1	3	250
1278694203048	1	2	-8
1278694203048	1	1	-58
1278694203048	1	0	244.336
1278694203200	2	5	-4.98505
1278694203200	2	4	-8.30841
1278694203200	2	3	-1.37566
1278694203200	2	2	-4.98505
1278694203200	2	1	-8.30841
1278694203200	2	0	-1.37566
1278694203353	1	5	-14
1278694203353	1	4	-107
1278694203353	1	3	250
1278694203353	1	2	-14
1278694203353	1	1	-107
1278694203353	1	0	241.689
1278694203494	2	5	1.22583
1278694203494	2	4	-7.35499
1278694203494	2	3	-1.92047
1278694203494	2	2	1.22583
1278694203494	2	1	-7.35499
1278694203494	2	0	-1.92047
1278694203653	1	5	-11
1278694203653	1	4	-78
1278694203653	1	3	242
1278694203653	1	2	-11
1278694203653	1	1	-78
1278694203653	1	0	239.246
1278694203749	2	5	-1.03515
1278694203749	2	4	-12.5988
1278694203749	2	3	-2.49252
1278694203749	2	2	-1.03515
1278694203749	2	1	-12.5988
1278694203749	2	0	-2.49252
1278694203876	1	5	6
1278694203876	1	4	-101
1278694203876	1	3	265
1278694203876	1	2	6
1278694203876	1	1	-101
1278694203876	1	0	238.362
1278694204020	2	5	1.64806
1278694204020	2	4	-9.76579
1278694204020	2	3	0.994285
1278694204020	2	2	1.64806
1278694204020	2	1	-9.76579
1278694204020	2	0	0.994285
1278694204119	1	5	19
1278694204119	1	4	-109
1278694204119	1	3	264
1278694204119	1	2	19
1278694204119	1	1	-109
1278694204119	1	0	244.736
1278694204233	2	5	0.572055
1278694204233	2	4	-9.76579
1278694204233	2	3	3.40509
1278694204233	2	2	0.572055
1278694204233	2	1	-9.76579
1278694204233	2	0	3.40509
1278694204375	1	5	-12
1278694204375	1	4	-106
1278694204375	1	3	264
1278694204375	1	2	-12
1278694204375	1	1	-106
1278694204375	1	0	246.385
1278694204527	2	5	1.64806
1278694204527	2	4	-8.89409
1278694204527	2	3	-1.94771
1278694204527	2	2	1.64806
1278694204527	2	1	-8.89409
1278694204527	2	0	-1.94771
1278694204683	1	5	2
1278694204683	1	4	-95
1278694204683	1	3	273
1278694204683	1	2	2
1278694204683	1	1	-95
1278694204683	1	0	252.682
1278694204826	2	5	0.8036
1278694204826	2	4	-10.3106
1278694204826	2	3	0.340509
1278694204826	2	2	0.8036
1278694204826	2	1	-10.3106
1278694204826	2	0	0.340509
1278694204978	1	5	-7
1278694204978	1	4	-105
1278694204978	1	3	280
1278694204978	1	2	-7
1278694204978	1	1	-105
1278694204978	1	0	256.78
1278694205130	2	5	2.45166
1278694205130	2	4	-10.4604
1278694205130	2	3	-1.22583
1278694205130	2	2	2.45166
1278694205130	2	1	-10.4604
1278694205130	2	0	-1.22583
1278694205273	1	5	15
1278694205273	1	4	-114
1278694205273	1	3	313
1278694205273	1	2	15
1278694205273	1	1	-114
1278694205273	1	0	257.211
1278694205426	2	5	3.17354
1278694205426	2	4	-9.08477
1278694205426	2	3	2.49252
1278694205426	2	2	3.17354
1278694205426	2	1	-9.08477
1278694205426	2	0	2.49252
1278694205605	1	5	4
1278694205605	1	4	-99
1278694205605	1	3	309
1278694205605	1	2	4
1278694205605	1	1	-99
1278694205605	1	0	260.805
1278694205716	2	5	1.37566
1278694205716	2	4	-9.91561
1278694205716	2	3	0.694638
1278694205716	2	2	1.37566
1278694205716	2	1	-9.91561
1278694205716	2	0	0.694638
1278694205860	1	5	1
1278694205860	1	4	-98
1278694205860	1	3	305
1278694205860	1	2	1
1278694205860	1	1	-98
1278694205860	1	0	269.607
1278694206014	2	5	1.30755
1278694206014	2	4	-9.80665
1278694206014	2	3	0.190685
1278694206014	2	2	1.30755
1278694206014	2	1	-9.80665
1278694206014	2	0	0.190685
1278694206156	1	5	-3
1278694206156	1	4	-97
1278694206156	1	3	299
1278694206156	1	2	-3
1278694206156	1	1	-97
1278694206156	1	0	269.08
1278694206308	2	5	1.18497
1278694206308	2	4	-10.3378
1278694206308	2	3	-0.463092
1278694206308	2	2	1.18497
1278694206308	2	1	-10.3378
1278694206308	2	0	-0.463092
1278694206457	1	5	2
1278694206457	1	4	-99
1278694206457	1	3	310
1278694206457	1	2	2
1278694206457	1	1	-99
1278694206457	1	0	273.484
1278694206608	2	5	1.07601
1278694206608	2	4	-7.20516
1278694206608	2	3	0.313268
1278694206608	2	2	1.07601
1278694206608	2	1	-7.20516
1278694206608	2	0	0.313268
1278694206706	1	5	4
1278694206706	1	4	-101
1278694206706	1	3	323
1278694206706	1	2	4
1278694206706	1	1	-101
1278694206706	1	0	277.397
1278694206806	2	5	1.79789
1278694206806	2	4	-10.0791
1278694206806	2	3	0.762739
1278694206806	2	2	1.79789
1278694206806	2	1	-10.0791
1278694206806	2	0	0.762739
1278694206968	1	5	-7
1278694206968	1	4	-112
1278694206968	1	3	319
1278694206968	1	2	-7
1278694206968	1	1	-112
1278694206968	1	0	286.899
1278694207063	2	5	4.37213
1278694207063	2	4	-11.3457
1278694207063	2	3	-1.41652
1278694207063	2	2	4.37213
1278694207063	2	1	-11.3457
1278694207063	2	0	-1.41652
1278694207165	1	5	-13
1278694207165	1	4	-115
1278694207165	1	3	306
1278694207165	1	2	-13
1278694207165	1	1	-115
1278694207165	1	0	292.259
1278694207312	2	5	3.71835
1278694207312	2	4	-9.72493
1278694207312	2	3	-2.49252
1278694207312	2	2	3.71835
1278694207312	2	1	-9.72493
1278694207312	2	0	-2.49252
1278694207485	1	5	-12
1278694207485	1	4	-117
1278694207485	1	3	302
1278694207485	1	2	-12
1278694207485	1	1	-117
1278694207485	1	0	296.238
1278694207661	2	5	3.82732
1278694207661	2	4	-8.53996
1278694207661	2	3	-1.92047
1278694207661	2	2	3.82732
1278694207661	2	1	-8.53996
1278694207661	2	0	-1.92047
1278694207834	1	5	-8
1278694207834	1	4	-110
1278694207834	1	3	302
1278694207834	1	2	-8
1278694207834	1	1	-110
1278694207834	1	0	299.627
1278694207985	2	5	3.25526
1278694207985	2	4	-10.1472
1278694207985	2	3	-1.52548
1278694207985	2	2	3.25526
1278694207985	2	1	-10.1472
1278694207985	2	0	-1.52548
1278694208130	1	5	-10
1278694208130	1	4	-107
1278694208130	1	3	301
1278694208130	1	2	-10
1278694208130	1	1	-107
1278694208130	1	0	304.341
1278694208279	2	5	2.60149
1278694208279	2	4	-10.5285
1278694208279	2	3	-1.83875
1278694208279	2	2	2.60149
1278694208279	2	1	-10.5285
1278694208279	2	0	-1.83875
1278694208433	1	5	-3
1278694208433	1	4	-99
1278694208433	1	3	305
1278694208433	1	2	-3
1278694208433	1	1	-99
1278694208433	1	0	308.438
1278694208576	2	5	1.37566
1278694208576	2	4	-8.85323
1278694208576	2	3	-0.531194
1278694208576	2	2	1.37566
1278694208576	2	1	-8.85323
1278694208576	2	0	-0.531194
1278694208734	1	5	-19
1278694208734	1	4	-115
1278694208734	1	3	295
1278694208734	1	2	-19
1278694208734	1	1	-115
1278694208734	1	0	307.732
1278694208884	2	5	2.76493
1278694208884	2	4	-8.96219
1278694208884	2	3	-3.1463
1278694208884	2	2	2.76493
1278694208884	2	1	-8.96219
1278694208884	2	0	-3.1463
1278694209026	1	5	-54
1278694209026	1	4	145
1278694209026	1	3	219
1278694209026	1	2	-54
1278694209026	1	1	145
1278694209026	1	0	306.966
1278694209166	2	5	0.572055
1278694209166	2	4	2.75131
1278694209166	2	3	-3.82732
1278694209166	2	2	0.572055
1278694209166	2	1	2.75131
1278694209166	2	0	-3.82732
1278694209325	1	5	-47
1278694209325	1	4	-42
1278694209325	1	3	223
1278694209325	1	2	-47
1278694209325	1	1	-42
1278694209325	1	0	300.681
1278694209466	2	5	-0.994285
1278694209466	2	4	-6.66035
1278694209466	2	3	-7.24603
1278694209466	2	2	-0.994285
1278694209466	2	1	-6.66035
1278694209466	2	0	-7.24603
1278694209609	1	5	-12
1278694209609	1	4	-77
1278694209609	1	3	249
1278694209609	1	2	-12
1278694209609	1	1	-77
1278694209609	1	0	297.451
1278694209704	2	5	-0.653777
1278694209704	2	4	-8.85323
1278694209704	2	3	-1.94771
1278694209704	2	2	-0.653777
1278694209704	2	1	-8.85323
1278694209704	2	0	-1.94771
1278694209806	1	5	-6
1278694209806	1	4	-105
1278694209806	1	3	292
1278694209806	1	2	-6
1278694209806	1	1	-105
1278694209806	1	0	292.177
1278694209968	2	5	2.53338
1278694209968	2	4	-10.3787
1278694209968	2	3	-1.11687
1278694209968	2	2	2.53338
1278694209968	2	1	-10.3787
1278694209968	2	0	-1.11687
1278694210063	1	5	2
1278694210063	1	4	-102
1278694210063	1	3	328
1278694210063	1	2	2
1278694210063	1	1	-102
1278694210063	1	0	286.542
1278694210164	2	5	1.92047
1278694210164	2	4	-9.08477
1278694210164	2	3	0.272407
1278694210164	2	2	1.92047
1278694210164	2	1	-9.08477
1278694210164	2	0	0.272407
1278694210298	1	5	-5
1278694210298	1	4	-104
1278694210298	1	3	332
1278694210298	1	2	-5
1278694210298	1	1	-104
1278694210298	1	0	286.066
1278694210491	2	5	2.45166
1278694210491	2	4	-10.3378
1278694210491	2	3	-0.912563
1278694210491	2	2	2.45166
1278694210491	2	1	-10.3378
1278694210491	2	0	-0.912563
1278694210650	1	5	-15
1278694210650	1	4	-106
1278694210650	1	3	310
1278694210650	1	2	-15
1278694210650	1	1	-106
1278694210650	1	0	284.517
1278694210773	2	5	0.653777
1278694210773	2	4	-11.2232
1278694210773	2	3	-3.06458
1278694210773	2	2	0.653777
1278694210773	2	1	-11.2232
1278694210773	2	0	-3.06458
1278694210933	1	5	-5
1278694210933	1	4	-98
1278694210933	1	3	338
1278694210933	1	2	-5
1278694210933	1	1	-98
1278694210933	1	0	283.937
1278694211124	2	5	0.994285
1278694211124	2	4	-9.46614
1278694211124	2	3	-0.8036
1278694211124	2	2	0.994285
1278694211124	2	1	-9.46614
1278694211124	2	0	-0.8036
1278694211256	1	5	-2
1278694211256	1	4	-101
1278694211256	1	3	4
1278694211256	1	2	-2
1278694211256	1	1	-101
1278694211256	1	0	287.275
1278694211383	2	5	1.75702
1278694211383	2	4	-9.34356
1278694211383	2	3	-0.299648
1278694211383	2	2	1.75702
1278694211383	2	1	-9.34356
1278694211383	2	0	-0.299648
1278694211585	1	5	3
1278694211585	1	4	-98
1278694211585	1	3	30
1278694211585	1	2	3
1278694211585	1	1	-98
1278694211585	1	0	289.382
1278694211755	2	5	1.26669
1278694211755	2	4	-9.84751
1278694211755	2	3	0.572055
1278694211755	2	2	1.26669
1278694211755	2	1	-9.84751
1278694211755	2	0	0.572055
1278694211904	1	5	3
1278694211904	1	4	-101
1278694211904	1	3	36
1278694211904	1	2	3
1278694211904	1	1	-101
1278694211904	1	0	291.294
1278694212050	2	5	1.64806
1278694212050	2	4	-9.15287
1278694212050	2	3	0.422231
1278694212050	2	2	1.64806
1278694212050	2	1	-9.15287
1278694212050	2	0	0.422231
1278694212200	1	5	3
1278694212200	1	4	-97
1278694212200	1	3	36
1278694212200	1	2	3
1278694212200	1	1	-97
1278694212200	1	0	295.988
1278694212334	2	5	0.994285
1278694212334	2	4	-9.38442
1278694212334	2	3	0.503953
1278694212334	2	2	0.994285
1278694212334	2	1	-9.38442
1278694212334	2	0	0.503953
1278694212435	1	5	1
1278694212435	1	4	-99
1278694212435	1	3	23
1278694212435	1	2	1
1278694212435	1	1	-99
1278694212435	1	0	321.08
1278694212542	2	5	1.30755
1278694212542	2	4	-8.73064
1278694212542	2	3	0.149824
1278694212542	2	2	1.30755
1278694212542	2	1	-8.73064
1278694212542	2	0	0.149824
1278694212648	1	5	0
1278694212648	1	4	-94
1278694212648	1	3	13
1278694212648	1	2	0
1278694212648	1	1	-94
1278694212648	1	0	333.139
1278694212742	2	5	0.8036
1278694212742	2	4	-10.2697
1278694212742	2	3	0.0817221
1278694212742	2	2	0.8036
1278694212742	2	1	-10.2697
1278694212742	2	0	0.0817221
1278694212872	1	5	0
1278694212872	1	4	-96
1278694212872	1	3	12
1278694212872	1	2	0
1278694212872	1	1	-96
1278694212872	1	0	349.461
1278694213012	2	5	1.18497
1278694213012	2	4	-10.9916
1278694213012	2	3	0.0817221
1278694213012	2	2	1.18497
1278694213012	2	1	-10.9916
1278694213012	2	0	0.0817221
1278694213105	1	5	4
1278694213105	1	4	-96
1278694213105	1	3	19
1278694213105	1	2	4
1278694213105	1	1	-96
1278694213105	1	0	356.168
1278694213202	2	5	0.885323
1278694213202	2	4	-10.5285
1278694213202	2	3	0.721878
1278694213202	2	2	0.885323
1278694213202	2	1	-10.5285
1278694213202	2	0	0.721878
1278694213351	1	5	3
1278694213351	1	4	-97
1278694213351	1	3	20
1278694213351	1	2	3
1278694213351	1	1	-97
1278694213351	1	0	3.77955
1278694213499	2	5	1.22583
1278694213499	2	4	-10.3106
1278694213499	2	3	0.531194
1278694213499	2	2	1.22583
1278694213499	2	1	-10.3106
1278694213499	2	0	0.531194
1278694213652	1	5	0
1278694213652	1	4	-100
1278694213652	1	3	16
1278694213652	1	2	0
1278694213652	1	1	-100
1278694213652	1	0	7.5083
1278694213799	2	5	1.83875
1278694213799	2	4	-10.6103
1278694213799	2	3	-0.0817221
1278694213799	2	2	1.83875
1278694213799	2	1	-10.6103
1278694213799	2	0	-0.0817221
1278694213950	1	5	2
1278694213950	1	4	-100
1278694213950	1	3	21
1278694213950	1	2	2
1278694213950	1	1	-100
1278694213950	1	0	13.0494
1278694214102	2	5	1.72978
1278694214102	2	4	-10.2289
1278694214102	2	3	0.340509
1278694214102	2	2	1.72978
1278694214102	2	1	-10.2289
1278694214102	2	0	0.340509
1278694214245	1	5	1
1278694214245	1	4	-100
1278694214245	1	3	22
1278694214245	1	2	1
1278694214245	1	1	-100
1278694214245	1	0	23.1838
1278694214387	2	5	1.83875
1278694214387	2	4	-10.1472
1278694214387	2	3	0.190685
1278694214387	2	2	1.83875
1278694214387	2	1	-10.1472
1278694214387	2	0	0.190685
1278694214538	1	5	1
1278694214538	1	4	-97
1278694214538	1	3	49
1278694214538	1	2	1
1278694214538	1	1	-97
1278694214538	1	0	24.6738
1278694214685	2	5	1.26669
1278694214685	2	4	-10.5694
1278694214685	2	3	0.108963
1278694214685	2	2	1.26669
1278694214685	2	1	-10.5694
1278694214685	2	0	0.108963
1278694214835	1	5	-1
1278694214835	1	4	-96
1278694214835	1	3	79
1278694214835	1	2	-1
1278694214835	1	1	-96
1278694214835	1	0	25.0551
1278694214986	2	5	1.07601
1278694214986	2	4	-10.5285
1278694214986	2	3	-0.108963
1278694214986	2	2	1.07601
1278694214986	2	1	-10.5285
1278694214986	2	0	-0.108963
1278694215131	1	5	-3
1278694215131	1	4	-103
1278694215131	1	3	72
1278694215131	1	2	-3
1278694215131	1	1	-103
1278694215131	1	0	26.1941
1278694215281	2	5	2.02943
1278694215281	2	4	-9.2346
1278694215281	2	3	-0.422231
1278694215281	2	2	2.02943
1278694215281	2	1	-9.2346
1278694215281	2	0	-0.422231
1278694215433	1	5	23
1278694215433	1	4	-114
1278694215433	1	3	101
1278694215433	1	2	23
1278694215433	1	1	-114
1278694215433	1	0	25.4346
1278694215586	2	5	0.885323
1278694215586	2	4	-8.96219
1278694215586	2	3	3.90904
1278694215586	2	2	0.885323
1278694215586	2	1	-8.96219
1278694215586	2	0	3.90904
1278694215682	1	5	-62
1278694215682	1	4	-153
1278694215682	1	3	149
1278694215682	1	2	-62
1278694215682	1	1	-153
1278694215682	1	0	34.4347
1278694215776	2	5	0.531194
1278694215776	2	4	-2.15201
1278694215776	2	3	-4.18145
1278694215776	2	2	0.531194
1278694215776	2	1	-2.15201
1278694215776	2	0	-4.18145
1278694215891	1	5	-12
1278694215891	1	4	-118
1278694215891	1	3	75
1278694215891	1	2	-12
1278694215891	1	1	-118
1278694215891	1	0	41.1698
1278694216020	2	5	9.11201
1278694216020	2	4	-18.8097
1278694216020	2	3	-4.24955
1278694216020	2	2	9.11201
1278694216020	2	1	-18.8097
1278694216020	2	0	-4.24955
1278694216117	1	5	-33
1278694216117	1	4	-52
1278694216117	1	3	127
1278694216117	1	2	-33
1278694216117	1	1	-52
1278694216117	1	0	45.6037
1278694216218	2	5	-2.83303
1278694216218	2	4	-7.81808
1278694216218	2	3	-5.40728
1278694216218	2	2	-2.83303
1278694216218	2	1	-7.81808
1278694216218	2	0	-5.40728
1278694216341	1	5	-1
1278694216341	1	4	-105
1278694216341	1	3	94
1278694216341	1	2	-1
1278694216341	1	1	-105
1278694216341	1	0	59.2079
1278694216484	2	5	2.72407
1278694216484	2	4	-10.4196
1278694216484	2	3	-0.272407
1278694216484	2	2	2.72407
1278694216484	2	1	-10.4196
1278694216484	2	0	-0.272407
1278694216639	1	5	-9
1278694216639	1	4	-100
1278694216639	1	3	100
1278694216639	1	2	-9
1278694216639	1	1	-100
1278694216639	1	0	66.0918
1278694216798	2	5	0.8036
1278694216798	2	4	-10.0791
1278694216798	2	3	-1.56634
1278694216798	2	2	0.8036
1278694216798	2	1	-10.0791
1278694216798	2	0	-1.56634
1278694216895	1	5	-24
1278694216895	1	4	-116
1278694216895	1	3	136
1278694216895	1	2	-24
1278694216895	1	1	-116
1278694216895	1	0	72.4262
1278694217019	2	5	1.30755
1278694217019	2	4	-8.58082
1278694217019	2	3	-3.90904
1278694217019	2	2	1.30755
1278694217019	2	1	-8.58082
1278694217019	2	0	-3.90904
1278694217193	1	5	-13
1278694217193	1	4	-111
1278694217193	1	3	116
1278694217193	1	2	-13
1278694217193	1	1	-111
1278694217193	1	0	79.8904
1278694217359	2	5	3.06458
1278694217359	2	4	-10.0382
1278694217359	2	3	-2.3427
1278694217359	2	2	3.06458
1278694217359	2	1	-10.0382
1278694217359	2	0	-2.3427
1278694217512	1	5	-14
1278694217512	1	4	-111
1278694217512	1	3	107
1278694217512	1	2	-14
1278694217512	1	1	-111
1278694217512	1	0	98.5285
1278694217668	2	5	2.98286
1278694217668	2	4	-10.1472
1278694217668	2	3	-2.60149
1278694217668	2	2	2.98286
1278694217668	2	1	-10.1472
1278694217668	2	0	-2.60149
1278694217811	1	5	-10
1278694217811	1	4	-110
1278694217811	1	3	101
1278694217811	1	2	-10
1278694217811	1	1	-110
1278694217811	1	0	103.935
1278694217959	2	5	2.91475
1278694217959	2	4	-9.38442
1278694217959	2	3	-1.75702
1278694217959	2	2	2.91475
1278694217959	2	1	-9.38442
1278694217959	2	0	-1.75702
1278694218134	1	5	-9
1278694218134	1	4	-106
1278694218134	1	3	101
1278694218134	1	2	-9
1278694218134	1	1	-106
1278694218134	1	0	106.199
1278694218343	2	5	2.45166
1278694218343	2	4	-10.5013
1278694218343	2	3	-1.64806
1278694218343	2	2	2.45166
1278694218343	2	1	-10.5013
1278694218343	2	0	-1.64806
1278694218487	1	5	-11
1278694218487	1	4	-106
1278694218487	1	3	100
1278694218487	1	2	-11
1278694218487	1	1	-106
1278694218487	1	0	109.061
1278694218624	2	5	2.02943
1278694218624	2	4	-9.99734
1278694218624	2	3	-1.98857
1278694218624	2	2	2.02943
1278694218624	2	1	-9.99734
1278694218624	2	0	-1.98857
1278694218726	1	5	-5
1278694218726	1	4	-100
1278694218726	1	3	99
1278694218726	1	2	-5
1278694218726	1	1	-100
1278694218726	1	0	110.548
1278694218840	2	5	1.56634
1278694218840	2	4	-10.4604
1278694218840	2	3	-0.994285
1278694218840	2	2	1.56634
1278694218840	2	1	-10.4604
1278694218840	2	0	-0.994285
1278694219000	1	5	-7
1278694219000	1	4	-102
1278694219000	1	3	93
1278694219000	1	2	-7
1278694219000	1	1	-102
1278694219000	1	0	106.332
1278694219097	2	5	1.6072
1278694219097	2	4	-8.85323
1278694219097	2	3	-1.07601
1278694219097	2	2	1.6072
1278694219097	2	1	-8.85323
1278694219097	2	0	-1.07601
1278694219214	1	5	-11
1278694219214	1	4	-109
1278694219214	1	3	81
1278694219214	1	2	-11
1278694219214	1	1	-109
1278694219214	1	0	107.592
1278694219371	2	5	2.56063
1278694219371	2	4	-9.2346
1278694219371	2	3	-1.79789
1278694219371	2	2	2.56063
1278694219371	2	1	-9.2346
1278694219371	2	0	-1.79789
1278694219512	1	5	-4
1278694219512	1	4	-103
1278694219512	1	3	81
1278694219512	1	2	-4
1278694219512	1	1	-103
1278694219512	1	0	103.301
1278694219672	2	5	2.3427
1278694219672	2	4	-10.5013
1278694219672	2	3	-0.8036
1278694219672	2	2	2.3427
1278694219672	2	1	-10.5013
1278694219672	2	0	-0.8036
1278694219823	1	5	-7
1278694219823	1	4	-107
1278694219823	1	3	77
1278694219823	1	2	-7
1278694219823	1	1	-107
1278694219823	1	0	103.889
1278694219969	2	5	2.68321
1278694219969	2	4	-9.61597
1278694219969	2	3	-1.18497
1278694219969	2	2	2.68321
1278694219969	2	1	-9.61597
1278694219969	2	0	-1.18497
1278694220123	1	5	-9
1278694220123	1	4	-110
1278694220123	1	3	72
1278694220123	1	2	-9
1278694220123	1	1	-110
1278694220123	1	0	102.972
1278694220276	2	5	2.95562
1278694220276	2	4	-9.46614
1278694220276	2	3	-1.64806
1278694220276	2	2	2.95562
1278694220276	2	1	-9.46614
1278694220276	2	0	-1.64806
1278694220422	1	5	-8
1278694220422	1	4	-108
1278694220422	1	3	72
1278694220422	1	2	-8
1278694220422	1	1	-108
1278694220422	1	0	96.4355
1278694220577	2	5	2.83303
1278694220577	2	4	-10.1199
1278694220577	2	3	-1.52548
1278694220577	2	2	2.83303
1278694220577	2	1	-10.1199
1278694220577	2	0	-1.52548
1278694220733	1	5	-6
1278694220733	1	4	-104
1278694220733	1	3	73
1278694220733	1	2	-6
1278694220733	1	1	-104
1278694220733	1	0	92.1926
1278694220887	2	5	2.15201
1278694220887	2	4	-9.19374
1278694220887	2	3	-0.953424
1278694220887	2	2	2.15201
1278694220887	2	1	-9.19374
1278694220887	2	0	-0.953424
1278694221010	1	5	-6
1278694221010	1	4	-107
1278694221010	1	3	73
1278694221010	1	2	-6
1278694221010	1	1	-107
1278694221010	1	0	88.758
1278694221144	2	5	2.68321
1278694221144	2	4	-9.5751
1278694221144	2	3	-1.07601
1278694221144	2	2	2.68321
1278694221144	2	1	-9.5751
1278694221144	2	0	-1.07601
1278694221258	1	5	-12
1278694221258	1	4	-112
1278694221258	1	3	63
1278694221258	1	2	-12
1278694221258	1	1	-112
1278694221258	1	0	86.8009
1278694221410	2	5	3.02372
1278694221410	2	4	-9.42528
1278694221410	2	3	-2.17926
1278694221410	2	2	3.02372
1278694221410	2	1	-9.42528
1278694221410	2	0	-2.17926
1278694221575	1	5	-9
1278694221575	1	4	-112
1278694221575	1	3	57
1278694221575	1	2	-9
1278694221575	1	1	-112
1278694221575	1	0	82.7928
1278694221672	2	5	3.40509
1278694221672	2	4	-9.2346
1278694221672	2	3	-1.6072
1278694221672	2	2	3.40509
1278694221672	2	1	-9.2346
1278694221672	2	0	-1.6072
1278694221778	1	5	-10
1278694221778	1	4	-107
1278694221778	1	3	57
1278694221778	1	2	-10
1278694221778	1	1	-107
1278694221778	1	0	78.9545
1278694221854	2	5	2.45166
1278694221854	2	4	-9.72493
1278694221854	2	3	-1.72978
1278694221854	2	2	2.45166
1278694221854	2	1	-9.72493
1278694221854	2	0	-1.72978
1278694221951	1	5	-11
1278694221951	1	4	-105
1278694221951	1	3	57
1278694221951	1	2	-11
1278694221951	1	1	-105
1278694221951	1	0	76.1822
1278694222065	2	5	1.83875
1278694222065	2	4	-9.88837
1278694222065	2	3	-1.98857
1278694222065	2	2	1.83875
1278694222065	2	1	-9.88837
1278694222065	2	0	-1.98857
1278694222162	1	5	-9
1278694222162	1	4	-103
1278694222162	1	3	57
1278694222162	1	2	-9
1278694222162	1	1	-103
1278694222162	1	0	70.6388
1278694222297	2	5	1.68892
1278694222297	2	4	-10.3378
1278694222297	2	3	-1.72978
1278694222297	2	2	1.68892
1278694222297	2	1	-10.3378
1278694222297	2	0	-1.72978
1278694222448	1	5	-19
1278694222448	1	4	-120
1278694222448	1	3	27
1278694222448	1	2	-19
1278694222448	1	1	-120
1278694222448	1	0	67.989
1278694222606	2	5	3.44595
1278694222606	2	4	-7.54567
1278694222606	2	3	-2.79217
1278694222606	2	2	3.44595
1278694222606	2	1	-7.54567
1278694222606	2	0	-2.79217
1278694222764	1	5	-25
1278694222764	1	4	-122
1278694222764	1	3	358
1278694222764	1	2	-25
1278694222764	1	1	-122
1278694222764	1	0	65.1459
1278694222917	2	5	4.05886
1278694222917	2	4	-10.1199
1278694222917	2	3	-4.98505
1278694222917	2	2	4.05886
1278694222917	2	1	-10.1199
1278694222917	2	0	-4.98505
1278694223063	1	5	-17
1278694223063	1	4	-120
1278694223063	1	3	358
1278694223063	1	2	-17
1278694223063	1	1	-120
1278694223063	1	0	61.3395
1278694223272	2	5	4.018
1278694223272	2	4	-8.58082
1278694223272	2	3	-2.83303
1278694223272	2	2	4.018
1278694223272	2	1	-8.58082
1278694223272	2	0	-2.83303
1278694223442	1	5	-19
1278694223442	1	4	-122
1278694223442	1	3	350
1278694223442	1	2	-19
1278694223442	1	1	-122
1278694223442	1	0	53.5833
1278694223595	2	5	4.37213
1278694223595	2	4	-8.81236
1278694223595	2	3	-3.40509
1278694223595	2	2	4.37213
1278694223595	2	1	-8.81236
1278694223595	2	0	-3.40509
1278694223744	1	5	-18
1278694223744	1	4	-126
1278694223744	1	3	345
1278694223744	1	2	-18
1278694223744	1	1	-126
1278694223744	1	0	46.921
1278694223896	2	5	5.24383
1278694223896	2	4	-8.53996
1278694223896	2	3	-3.25526
1278694223896	2	2	5.24383
1278694223896	2	1	-8.53996
1278694223896	2	0	-3.25526
1278694224047	1	5	-25
1278694224047	1	4	-131
1278694224047	1	3	324
1278694224047	1	2	-25
1278694224047	1	1	-131
1278694224047	1	0	41.7854
1278694224202	2	5	5.09401
1278694224202	2	4	-7.43671
1278694224202	2	3	-4.14059
1278694224202	2	2	5.09401
1278694224202	2	1	-7.43671
1278694224202	2	0	-4.14059
1278694224349	1	5	-19
1278694224349	1	4	-130
1278694224349	1	3	325
1278694224349	1	2	-19
1278694224349	1	1	-130
1278694224349	1	0	35.5437
1278694224500	2	5	5.85675
1278694224500	2	4	-7.9679
1278694224500	2	3	-3.36423
1278694224500	2	2	5.85675
1278694224500	2	1	-7.9679
1278694224500	2	0	-3.36423
1278694224636	1	5	-26
1278694224636	1	4	-140
1278694224636	1	3	309
1278694224636	1	2	-26
1278694224636	1	1	-140
1278694224636	1	0	22.4452
1278694224733	2	5	5.70693
1278694224733	2	4	-5.93847
1278694224733	2	3	-4.018
1278694224733	2	2	5.70693
1278694224733	2	1	-5.93847
1278694224733	2	0	-4.018
1278694224845	1	5	-26
1278694224845	1	4	-138
1278694224845	1	3	301
1278694224845	1	2	-26
1278694224845	1	1	-138
1278694224845	1	0	13.2734
1278694224999	2	5	6.0883
1278694224999	2	4	-6.70121
1278694224999	2	3	-4.33127
1278694224999	2	2	6.0883
1278694224999	2	1	-6.70121
1278694224999	2	0	-4.33127
1278694225096	1	5	-27
1278694225096	1	4	-140
1278694225096	1	3	292
1278694225096	1	2	-27
1278694225096	1	1	-140
1278694225096	1	0	5.92755
1278694225193	2	5	6.04743
1278694225193	2	4	-6.21088
1278694225193	2	3	-4.39937
1278694225193	2	2	6.04743
1278694225193	2	1	-6.21088
1278694225193	2	0	-4.39937
1278694225338	1	5	-26
1278694225338	1	4	-142
1278694225338	1	3	288
1278694225338	1	2	-26
1278694225338	1	1	-142
1278694225338	1	0	357.889
1278694225483	2	5	6.23812
1278694225483	2	4	-5.93847
1278694225483	2	3	-4.14059
1278694225483	2	2	6.23812
1278694225483	2	1	-5.93847
1278694225483	2	0	-4.14059
1278694225638	1	5	-24
1278694225638	1	4	-142
1278694225638	1	3	283
1278694225638	1	2	-24
1278694225638	1	1	-142
1278694225638	1	0	336.005
1278694225794	2	5	6.04743
1278694225794	2	4	-5.43452
1278694225794	2	3	-3.67749
1278694225794	2	2	6.04743
1278694225794	2	1	-5.43452
1278694225794	2	0	-3.67749
1278694225948	1	5	-24
1278694225948	1	4	-141
1278694225948	1	3	276
1278694225948	1	2	-24
1278694225948	1	1	-141
1278694225948	1	0	326.842
1278694226082	2	5	7.27327
1278694226082	2	4	-6.93276
1278694226082	2	3	-4.52196
1278694226082	2	2	7.27327
1278694226082	2	1	-6.93276
1278694226082	2	0	-4.52196
1278694226198	1	5	-25
1278694226198	1	4	-141
1278694226198	1	3	271
1278694226198	1	2	-25
1278694226198	1	1	-141
1278694226198	1	0	321.56
1278694226343	2	5	7.27327
1278694226343	2	4	-6.93276
1278694226343	2	3	-4.7535
1278694226343	2	2	7.27327
1278694226343	2	1	-6.93276
1278694226343	2	0	-4.7535
1278694226496	1	5	-30
1278694226496	1	4	-139
1278694226496	1	3	251
1278694226496	1	2	-30
1278694226496	1	1	-139
1278694226496	1	0	311.396
1278694226650	2	5	6.04743
1278694226650	2	4	-7.20516
1278694226650	2	3	-5.47538
1278694226650	2	2	6.04743
1278694226650	2	1	-7.20516
1278694226650	2	0	-5.47538
1278694226806	1	5	-19
1278694226806	1	4	-124
1278694226806	1	3	226
1278694226806	1	2	-19
1278694226806	1	1	-124
1278694226806	1	0	301.851
1278694226880	2	5	4.20869
1278694226880	2	4	-7.50481
1278694226880	2	3	-2.91475
1278694226880	2	2	4.20869
1278694226880	2	1	-7.50481
1278694226880	2	0	-2.91475
1278694226961	1	5	-12
1278694226961	1	4	-115
1278694226961	1	3	201
1278694226961	1	2	-12
1278694226961	1	1	-115
1278694226961	1	0	294.218
1278694227102	2	5	3.67749
1278694227102	2	4	-8.92133
1278694227102	2	3	-2.07029
1278694227102	2	2	3.67749
1278694227102	2	1	-8.92133
1278694227102	2	0	-2.07029
1278694227239	1	5	-12
1278694227239	1	4	-110
1278694227239	1	3	201
1278694227239	1	2	-12
1278694227239	1	1	-110
1278694227239	1	0	284.168
1278694227373	2	5	2.68321
1278694227373	2	4	-9.04391
1278694227373	2	3	-1.92047
1278694227373	2	2	2.68321
1278694227373	2	1	-9.04391
1278694227373	2	0	-1.92047
1278694227590	1	5	-9
1278694227590	1	4	-106
1278694227590	1	3	208
1278694227590	1	2	-9
1278694227590	1	1	-106
1278694227590	1	0	270.774
1278694227692	2	5	2.3427
1278694227692	2	4	-10.0382
1278694227692	2	3	-1.64806
1278694227692	2	2	2.3427
1278694227692	2	1	-10.0382
1278694227692	2	0	-1.64806
1278694227786	1	5	-12
1278694227786	1	4	-104
1278694227786	1	3	214
1278694227786	1	2	-12
1278694227786	1	1	-104
1278694227786	1	0	261.084
1278694227930	2	5	1.33479
1278694227930	2	4	-10.3787
1278694227930	2	3	-2.26098
1278694227930	2	2	1.33479
1278694227930	2	1	-10.3787
1278694227930	2	0	-2.26098
1278694228054	1	5	1
1278694228054	1	4	-96
1278694228054	1	3	214
1278694228054	1	2	1
1278694228054	1	1	-96
1278694228054	1	0	254.755
1278694228157	2	5	0.994285
1278694228157	2	4	-9.53424
1278694228157	2	3	0.231546
1278694228157	2	2	0.994285
1278694228157	2	1	-9.53424
1278694228157	2	0	0.231546
1278694228254	1	5	-3
1278694228254	1	4	-97
1278694228254	1	3	223
1278694228254	1	2	-3
1278694228254	1	1	-97
1278694228254	1	0	247.65
1278694228407	2	5	1.03515
1278694228407	2	4	-9.88837
1278694228407	2	3	-0.531194
1278694228407	2	2	1.03515
1278694228407	2	1	-9.88837
1278694228407	2	0	-0.531194
1278694228555	1	5	3
1278694228555	1	4	-97
1278694228555	1	3	231
1278694228555	1	2	3
1278694228555	1	1	-97
1278694228555	1	0	238.667
1278694228712	2	5	1.18497
1278694228712	2	4	-9.84751
1278694228712	2	3	0.463092
1278694228712	2	2	1.18497
1278694228712	2	1	-9.84751
1278694228712	2	0	0.463092
1278694228864	1	5	-1
1278694228864	1	4	-103
1278694228864	1	3	245
1278694228864	1	2	-1
1278694228864	1	1	-103
1278694228864	1	0	230.42
1278694229017	2	5	2.17926
1278694229017	2	4	-9.80665
1278694229017	2	3	-0.190685
1278694229017	2	2	2.17926
1278694229017	2	1	-9.80665
1278694229017	2	0	-0.190685
1278694229163	1	5	9
1278694229163	1	4	-101
1278694229163	1	3	245
1278694229163	1	2	9
1278694229163	1	1	-101
1278694229163	1	0	226.453
1278694229315	2	5	1.07601
1278694229315	2	4	-9.72493
1278694229315	2	3	1.6072
1278694229315	2	2	1.07601
1278694229315	2	1	-9.72493
1278694229315	2	0	1.6072
1278694229467	1	5	15
1278694229467	1	4	-107
1278694229467	1	3	245
1278694229467	1	2	15
1278694229467	1	1	-107
1278694229467	1	0	220.027
1278694229609	2	5	1.41652
1278694229609	2	4	-10.1199
1278694229609	2	3	2.72407
1278694229609	2	2	1.41652
1278694229609	2	1	-10.1199
1278694229609	2	0	2.72407
1278694229766	1	5	6
1278694229766	1	4	-100
1278694229766	1	3	246
1278694229766	1	2	6
1278694229766	1	1	-100
1278694229766	1	0	219.146
1278694229918	2	5	1.33479
1278694229918	2	4	-9.65683
1278694229918	2	3	0.994285
1278694229918	2	2	1.33479
1278694229918	2	1	-9.65683
1278694229918	2	0	0.994285
1278694230062	1	5	4
1278694230062	1	4	-99
1278694230062	1	3	246
1278694230062	1	2	4
1278694230062	1	1	-99
1278694230062	1	0	219.855
1278694230215	2	5	1.37566
1278694230215	2	4	-9.46614
1278694230215	2	3	0.694638
1278694230215	2	2	1.37566
1278694230215	2	1	-9.46614
1278694230215	2	0	0.694638
1278694230584	1	5	0
1278694230584	1	4	-99
1278694230584	1	3	246
1278694230584	1	2	0
1278694230584	1	1	-99
1278694230584	1	0	224.357
1278694230988	2	5	1.5391
1278694230988	2	4	-9.53424
1278694230988	2	3	-0.040861
1278694230988	2	2	1.5391
1278694230988	2	1	-9.53424
1278694230988	2	0	-0.040861
1278694231153	1	5	1
1278694231153	1	4	-100
1278694231153	1	3	246
1278694231153	1	2	1
1278694231153	1	1	-100
1278694231153	1	0	230.361
1278694231266	2	5	1.75702
1278694231266	2	4	-9.91561
1278694231266	2	3	0.149824
1278694231266	2	2	1.75702
1278694231266	2	1	-9.91561
1278694231266	2	0	0.149824
1278694231384	1	5	6
1278694231384	1	4	-103
1278694231384	1	3	246
1278694231384	1	2	6
1278694231384	1	1	-103
1278694231384	1	0	233.864
1278694231523	2	5	1.94771
1278694231523	2	4	-9.507
1278694231523	2	3	1.03515
1278694231523	2	2	1.94771
1278694231523	2	1	-9.507
1278694231523	2	0	1.03515
1278694231680	1	5	-6
1278694231680	1	4	-99
1278694231680	1	3	240
1278694231680	1	2	-6
1278694231680	1	1	-99
1278694231680	1	0	236.325
1278694231812	2	5	1.22583
1278694231812	2	4	-9.34356
1278694231812	2	3	-0.953424
1278694231812	2	2	1.22583
1278694231812	2	1	-9.34356
1278694231812	2	0	-0.953424
1278694231899	1	5	-3
1278694231899	1	4	-106
1278694231899	1	3	240
1278694231899	1	2	-3
1278694231899	1	1	-106
1278694231899	1	0	240.404
1278694232014	2	5	3.67749
1278694232014	2	4	-12.9802
1278694232014	2	3	-0.721878
1278694232014	2	2	3.67749
1278694232014	2	1	-12.9802
1278694232014	2	0	-0.721878
1278694232136	1	5	-4
1278694232136	1	4	-106
1278694232136	1	3	236
1278694232136	1	2	-4
1278694232136	1	1	-106
1278694232136	1	0	243.349
1278694232385	2	5	2.60149
1278694232385	2	4	-9.507
1278694232385	2	3	-0.762739
1278694232385	2	2	2.60149
1278694232385	2	1	-9.507
1278694232385	2	0	-0.762739
1278694232574	1	5	-5
1278694232574	1	4	-105
1278694232574	1	3	228
1278694232574	1	2	-5
1278694232574	1	1	-105
1278694232574	1	0	244.193
1278694232927	2	5	1.79789
1278694232927	2	4	-6.93276
1278694232927	2	3	-0.612916
1278694232927	2	2	1.79789
1278694232927	2	1	-6.93276
1278694232927	2	0	-0.612916
1278694233249	1	5	17
1278694233249	1	4	-110
1278694233249	1	3	215
1278694233249	1	2	17
1278694233249	1	1	-110
1278694233249	1	0	243.433
1278694233469	2	5	3.02372
1278694233469	2	4	-14.5602
1278694233469	2	3	4.52196
1278694233469	2	2	3.02372
1278694233469	2	1	-14.5602
1278694233469	2	0	4.52196
1278694233723	1	5	-1
1278694233723	1	4	-116
1278694233723	1	3	225
1278694233723	1	2	-1
1278694233723	1	1	-116
1278694233723	1	0	241.963
1278694233976	2	5	4.39937
1278694233976	2	4	-9.11201
1278694233976	2	3	-0.190685
1278694233976	2	2	4.39937
1278694233976	2	1	-9.11201
1278694233976	2	0	-0.190685
1278694234107	1	5	1
1278694234107	1	4	-101
1278694234107	1	3	225
1278694234107	1	2	1
1278694234107	1	1	-101
1278694234107	1	0	239.403
1278694234215	2	5	1.92047
1278694234215	2	4	-10.1472
1278694234215	2	3	0.149824
1278694234215	2	2	1.92047
1278694234215	2	1	-10.1472
1278694234215	2	0	0.149824
1278694234368	1	5	-1
1278694234368	1	4	-95
1278694234368	1	3	226
1278694234368	1	2	-1
1278694234368	1	1	-95
1278694234368	1	0	238.112
1278694234519	2	5	0.8036
1278694234519	2	4	-9.65683
1278694234519	2	3	-0.190685
1278694234519	2	2	0.8036
1278694234519	2	1	-9.65683
1278694234519	2	0	-0.190685
1278694234667	1	5	4
1278694234667	1	4	-104
1278694234667	1	3	239
1278694234667	1	2	4
1278694234667	1	1	-104
1278694234667	1	0	236.794
1278694234826	2	5	1.83875
1278694234826	2	4	-7.85894
1278694234826	2	3	0.572055
1278694234826	2	2	1.83875
1278694234826	2	1	-7.85894
1278694234826	2	0	0.572055
1278694235289	1	5	5
1278694235289	1	4	-102
1278694235289	1	3	245
1278694235289	1	2	5
1278694235289	1	1	-102
1278694235289	1	0	235.318
1278694235453	2	5	1.92047
1278694235453	2	4	-10.2289
1278694235453	2	3	0.994285
1278694235453	2	2	1.92047
1278694235453	2	1	-10.2289
1278694235453	2	0	0.994285
1278694235958	1	5	9
1278694235958	1	4	-105
1278694235958	1	3	249
1278694235958	1	2	9
1278694235958	1	1	-105
1278694235958	1	0	234.18
1278694236282	2	5	1.87961
1278694236282	2	4	-8.68978
1278694236282	2	3	1.37566
1278694236282	2	2	1.87961
1278694236282	2	1	-8.68978
1278694236282	2	0	1.37566
1278694236811	1	5	3
1278694236811	1	4	-86
1278694236811	1	3	239
1278694236811	1	2	3
1278694236811	1	1	-86
1278694236811	1	0	233.669
1278694237053	2	5	-0.463092
1278694237053	2	4	-9.15287
1278694237053	2	3	0.422231
1278694237053	2	2	-0.463092
1278694237053	2	1	-9.15287
1278694237053	2	0	0.422231
1278694237466	1	5	-3
1278694237466	1	4	-93
1278694237466	1	3	238
1278694237466	1	2	-3
1278694237466	1	1	-93
1278694237466	1	0	233.356
1278694237727	2	5	0.190685
1278694237727	2	4	-8.81236
1278694237727	2	3	-0.422231
1278694237727	2	2	0.190685
1278694237727	2	1	-8.81236
1278694237727	2	0	-0.422231
1278694238145	1	5	37
1278694238145	1	4	-44
1278694238145	1	3	228
1278694238145	1	2	37
1278694238145	1	1	-44
1278694238145	1	0	231.96
1278694238423	2	5	-4.24955
1278694238423	2	4	-7.43671
1278694238423	2	3	6.44242
1278694238423	2	2	-4.24955
1278694238423	2	1	-7.43671
1278694238423	2	0	6.44242
1278694238951	1	5	66
1278694238951	1	4	-21
1278694238951	1	3	222
1278694238951	1	2	66
1278694238951	1	1	-21
1278694238951	1	0	231.521
1278694239190	2	5	-3.40509
1278694239190	2	4	-5.5571
1278694239190	2	3	14.3286
1278694239190	2	2	-3.40509
1278694239190	2	1	-5.5571
1278694239190	2	0	14.3286
1278694239480	1	5	26
1278694239480	1	4	8
1278694239480	1	3	240
1278694239480	1	2	26
1278694239480	1	1	8
1278694239480	1	0	231.287
1278694239622	2	5	-6.78293
1278694239622	2	4	1.07601
1278694239622	2	3	3.29612
1278694239622	2	2	-6.78293
1278694239622	2	1	1.07601
1278694239622	2	0	3.29612
1278694239742	1	5	13
1278694239742	1	4	36
1278694239742	1	3	257
1278694239742	1	2	13
1278694239742	1	1	36
1278694239742	1	0	233.322
1278694239901	2	5	-7.31413
1278694239901	2	4	5.51624
1278694239901	2	3	2.15201
1278694239901	2	2	-7.31413
1278694239901	2	1	5.51624
1278694239901	2	0	2.15201
1278694240055	1	5	38
1278694240055	1	4	15
1278694240055	1	3	298
1278694240055	1	2	38
1278694240055	1	1	15
1278694240055	1	0	236.609
1278694240165	2	5	-6.97362
1278694240165	2	4	2.4108
1278694240165	2	3	5.85675
1278694240165	2	2	-6.97362
1278694240165	2	1	2.4108
1278694240165	2	0	5.85675
1278694240795	1	5	40
1278694240795	1	4	17
1278694240795	1	3	331
1278694240795	1	2	40
1278694240795	1	1	17
1278694240795	1	0	240.292
1278694241210	2	5	-5.70693
1278694241210	2	4	2.4108
1278694241210	2	3	5.24383
1278694241210	2	2	-5.70693
1278694241210	2	1	2.4108
1278694241210	2	0	5.24383
1278694241615	1	5	23
1278694241615	1	4	15
1278694241615	1	3	340
1278694241615	1	2	23
1278694241615	1	1	15
1278694241615	1	0	248.349
1278694241996	2	5	-9.38442
1278694241996	2	4	2.72407
1278694241996	2	3	4.09972
1278694241996	2	2	-9.38442
1278694241996	2	1	2.72407
1278694241996	2	0	4.09972
1278694242312	1	5	7
1278694242312	1	4	6
1278694242312	1	3	340
1278694242312	1	2	7
1278694242312	1	1	6
1278694242312	1	0	256.945
1278694242767	2	5	-10.8009
1278694242767	2	4	1.14411
1278694242767	2	3	1.33479
1278694242767	2	2	-10.8009
1278694242767	2	1	1.14411
1278694242767	2	0	1.33479
1278694243093	1	5	-7
1278694243093	1	4	-11
1278694243093	1	3	340
1278694243093	1	2	-7
1278694243093	1	1	-11
1278694243093	1	0	262.91
1278694243367	2	5	-13.2117
1278694243367	2	4	-2.53338
1278694243367	2	3	-1.6072
1278694243367	2	2	-13.2117
1278694243367	2	1	-2.53338
1278694243367	2	0	-1.6072
1278694243562	1	5	11
1278694243562	1	4	-8
1278694243562	1	3	350
1278694243562	1	2	11
1278694243562	1	1	-8
1278694243562	1	0	268.077
1278694244056	2	5	-9.3027
1278694244056	2	4	-1.41652
1278694244056	2	3	1.79789
1278694244056	2	2	-9.3027
1278694244056	2	1	-1.41652
1278694244056	2	0	1.79789
1278694244212	1	5	8
1278694244212	1	4	-5
1278694244212	1	3	357
1278694244212	1	2	8
1278694244212	1	1	-5
1278694244212	1	0	277.648
1278694244503	2	5	-9.3027
1278694244503	2	4	-0.8036
1278694244503	2	3	1.33479
1278694244503	2	2	-9.3027
1278694244503	2	1	-0.8036
1278694244503	2	0	1.33479
1278694244809	1	5	9
1278694244809	1	4	-5
1278694244809	1	3	1
1278694244809	1	2	9
1278694244809	1	1	-5
1278694244809	1	0	290.818
1278694245209	2	5	-9.88837
1278694245209	2	4	-0.926184
1278694245209	2	3	1.56634
1278694245209	2	2	-9.88837
1278694245209	2	1	-0.926184
1278694245209	2	0	1.56634
1278694245533	1	5	10
1278694245533	1	4	-6
1278694245533	1	3	1
1278694245533	1	2	10
1278694245533	1	1	-6
1278694245533	1	0	300.109
1278694245673	2	5	-9.42528
1278694245673	2	4	-1.03515
1278694245673	2	3	1.6072
1278694245673	2	2	-9.42528
1278694245673	2	1	-1.03515
1278694245673	2	0	1.6072
1278694245773	1	5	12
1278694245773	1	4	-3
1278694245773	1	3	2
1278694245773	1	2	12
1278694245773	1	1	-3
1278694245773	1	0	316.51
1278694245913	2	5	-8.81236
1278694245913	2	4	-0.463092
1278694245913	2	3	1.83875
1278694245913	2	2	-8.81236
1278694245913	2	1	-0.463092
1278694245913	2	0	1.83875
1278694246064	1	5	6
1278694246064	1	4	-3
1278694246064	1	3	356
1278694246064	1	2	6
1278694246064	1	1	-3
1278694246064	1	0	333.915
1278694246310	2	5	-9.46614
1278694246310	2	4	-0.572055
1278694246310	2	3	0.926184
1278694246310	2	2	-9.46614
1278694246310	2	1	-0.572055
1278694246310	2	0	0.926184
1278694246509	1	5	5
1278694246509	1	4	-6
1278694246509	1	3	355
1278694246509	1	2	5
1278694246509	1	1	-6
1278694246509	1	0	343.155
1278694246690	2	5	-9.49338
1278694246690	2	4	-1.07601
1278694246690	2	3	0.885323
1278694246690	2	2	-9.49338
1278694246690	2	1	-1.07601
1278694246690	2	0	0.885323
1278694246870	1	5	5
1278694246870	1	4	-7
1278694246870	1	3	355
1278694246870	1	2	5
1278694246870	1	1	-7
1278694246870	1	0	347.923
1278694247072	2	5	-9.49338
1278694247072	2	4	-1.11687
1278694247072	2	3	0.8036
1278694247072	2	2	-9.49338
1278694247072	2	1	-1.11687
1278694247072	2	0	0.8036
1278694247195	1	5	5
1278694247195	1	4	-8
1278694247195	1	3	355
1278694247195	1	2	5
1278694247195	1	1	-8
1278694247195	1	0	351.212
1278694247314	2	5	-9.53424
1278694247314	2	4	-1.37566
1278694247314	2	3	0.926184
1278694247314	2	2	-9.53424
1278694247314	2	1	-1.37566
1278694247314	2	0	0.926184
1278694247475	1	5	5
1278694247475	1	4	-7
1278694247475	1	3	355
1278694247475	1	2	5
1278694247475	1	1	-7
1278694247475	1	0	353.641
1278694247632	2	5	-9.80665
1278694247632	2	4	-1.14411
1278694247632	2	3	0.926184
1278694247632	2	2	-9.80665
1278694247632	2	1	-1.14411
1278694247632	2	0	0.926184
1278694247806	1	5	4
1278694247806	1	4	-6
1278694247806	1	3	355
1278694247806	1	2	4
1278694247806	1	1	-6
1278694247806	1	0	354.997
1278694247988	2	5	-9.72493
1278694247988	2	4	-1.03515
1278694247988	2	3	0.721878
1278694247988	2	2	-9.72493
1278694247988	2	1	-1.03515
1278694247988	2	0	0.721878
1278694248241	1	5	6
1278694248241	1	4	-5
1278694248241	1	3	355
1278694248241	1	2	6
1278694248241	1	1	-5
1278694248241	1	0	356.36
1278694248395	2	5	-10.1063
1278694248395	2	4	-0.844462
1278694248395	2	3	1.03515
1278694248395	2	2	-10.1063
1278694248395	2	1	-0.844462
1278694248395	2	0	1.03515
1278694248583	1	5	5
1278694248583	1	4	-5
1278694248583	1	3	355
1278694248583	1	2	5
1278694248583	1	1	-5
1278694248583	1	0	357.379
1278694248776	2	5	-9.72493
1278694248776	2	4	-0.844462
1278694248776	2	3	0.844462
1278694248776	2	2	-9.72493
1278694248776	2	1	-0.844462
1278694248776	2	0	0.844462
1278694248940	1	5	5
1278694248940	1	4	-5
1278694248940	1	3	356
1278694248940	1	2	5
1278694248940	1	1	-5
1278694248940	1	0	357.13
1278694249151	2	5	-9.99734
1278694249151	2	4	-0.885323
1278694249151	2	3	0.926184
1278694249151	2	2	-9.99734
1278694249151	2	1	-0.885323
1278694249151	2	0	0.926184
1278694249394	1	5	5
1278694249394	1	4	-6
1278694249394	1	3	356
1278694249394	1	2	5
1278694249394	1	1	-6
1278694249394	1	0	356.703
1278694249612	2	5	-10.0382
1278694249612	2	4	-0.994285
1278694249612	2	3	0.8036
1278694249612	2	2	-10.0382
1278694249612	2	1	-0.994285
1278694249612	2	0	0.8036
1278694249831	1	5	7
1278694249831	1	4	-8
1278694249831	1	3	357
1278694249831	1	2	7
1278694249831	1	1	-8
1278694249831	1	0	356.27
1278694250064	2	5	-9.80665
1278694250064	2	4	-1.33479
1278694250064	2	3	1.26669
1278694250064	2	2	-9.80665
1278694250064	2	1	-1.33479
1278694250064	2	0	1.26669
1278694250378	1	5	8
1278694250378	1	4	-7
1278694250378	1	3	358
1278694250378	1	2	8
1278694250378	1	1	-7
1278694250378	1	0	355.332
1278694250577	2	5	-9.72493
1278694250577	2	4	-1.26669
1278694250577	2	3	1.33479
1278694250577	2	2	-9.72493
1278694250577	2	1	-1.26669
1278694250577	2	0	1.33479
1278694250890	1	5	7
1278694250890	1	4	-10
1278694250890	1	3	358
1278694250890	1	2	7
1278694250890	1	1	-10
1278694250890	1	0	355.525
1278694251119	2	5	-9.15287
1278694251119	2	4	-1.68892
1278694251119	2	3	1.07601
1278694251119	2	2	-9.15287
1278694251119	2	1	-1.68892
1278694251119	2	0	1.07601
1278694251286	1	5	7
1278694251286	1	4	-13
1278694251286	1	3	358
1278694251286	1	2	7
1278694251286	1	1	-13
1278694251286	1	0	355.681
1278694251668	2	5	-9.61597
1278694251668	2	4	-2.17926
1278694251668	2	3	1.18497
1278694251668	2	2	-9.61597
1278694251668	2	1	-2.17926
1278694251668	2	0	1.18497
1278694251766	1	5	6
1278694251766	1	4	-18
1278694251766	1	3	359
1278694251766	1	2	6
1278694251766	1	1	-18
1278694251766	1	0	355.848
1278694252060	2	5	-9.11201
1278694252060	2	4	-2.91475
1278694252060	2	3	1.07601
1278694252060	2	2	-9.11201
1278694252060	2	1	-2.91475
1278694252060	2	0	1.07601
1278694252147	1	5	0
1278694252147	1	4	-18
1278694252147	1	3	358
1278694252147	1	2	0
1278694252147	1	1	-18
1278694252147	1	0	356.223
1278694252250	2	5	-8.81236
1278694252250	2	4	-2.79217
1278694252250	2	3	0.040861
1278694252250	2	2	-8.81236
1278694252250	2	1	-2.79217
1278694252250	2	0	0.040861
1278694252448	1	5	-1
1278694252448	1	4	-18
1278694252448	1	3	358
1278694252448	1	2	-1
1278694252448	1	1	-18
1278694252448	1	0	356.502
1278694252730	2	5	-9.3027
1278694252730	2	4	-2.95562
1278694252730	2	3	-0.190685
1278694252730	2	2	-9.3027
1278694252730	2	1	-2.95562
1278694252730	2	0	-0.190685
1278694252902	1	5	-1
1278694252902	1	4	-17
1278694252902	1	3	359
1278694252902	1	2	-1
1278694252902	1	1	-17
1278694252902	1	0	356.772
1278694253058	2	5	-9.49338
1278694253058	2	4	-2.95562
1278694253058	2	3	-0.108963
1278694253058	2	2	-9.49338
1278694253058	2	1	-2.95562
1278694253058	2	0	-0.108963
1278694253209	1	5	2
1278694253209	1	4	-15
1278694253209	1	3	8
1278694253209	1	2	2
1278694253209	1	1	-15
1278694253209	1	0	357.034
1278694253355	2	5	-9.72493
1278694253355	2	4	-2.64235
1278694253355	2	3	0.422231
1278694253355	2	2	-9.72493
1278694253355	2	1	-2.64235
1278694253355	2	0	0.422231
1278694253506	1	5	4
1278694253506	1	4	-16
1278694253506	1	3	13
1278694253506	1	2	4
1278694253506	1	1	-16
1278694253506	1	0	358.085
1278694253655	2	5	-9.34356
1278694253655	2	4	-2.76493
1278694253655	2	3	0.694638
1278694253655	2	2	-9.34356
1278694253655	2	1	-2.76493
1278694253655	2	0	0.694638
1278694253944	1	5	5
1278694253944	1	4	-16
1278694253944	1	3	14
1278694253944	1	2	5
1278694253944	1	1	-16
1278694253944	1	0	359.449
1278694254187	2	5	-9.34356
1278694254187	2	4	-2.68321
1278694254187	2	3	0.844462
1278694254187	2	2	-9.34356
1278694254187	2	1	-2.68321
1278694254187	2	0	0.844462
1278694254402	1	5	2
1278694254402	1	4	-15
1278694254402	1	3	14
1278694254402	1	2	2
1278694254402	1	1	-15
1278694254402	1	0	0.895386
1278694254634	2	5	-9.46614
1278694254634	2	4	-2.60149
1278694254634	2	3	0.422231
1278694254634	2	2	-9.46614
1278694254634	2	1	-2.60149
1278694254634	2	0	0.422231
1278694254836	1	5	1
1278694254836	1	4	-15
1278694254836	1	3	10
1278694254836	1	2	1
1278694254836	1	1	-15
1278694254836	1	0	1.85231
1278694255210	2	5	-9.5751
1278694255210	2	4	-2.64235
1278694255210	2	3	0.231546
1278694255210	2	2	-9.5751
1278694255210	2	1	-2.64235
1278694255210	2	0	0.231546
